close, Volume,open,high,low
29.8557,137312041,29.3928,29.9286,29.35
29.8357,141486282,29.99,30.1186,29.6771
29.9043,92846488,29.8486,29.9814,29.7057
30.1014,89591907,29.8971,30.1314,29.8043
31.2786,224647427,30.7057,31.3857,30.6614
31.2971,107326832,31.43,31.4414,31.1786
31.86,229908139,31.1871,32.1428,31.1271
32.12,148907755,31.9757,32.2114,31.8857
32.2143,101209110,31.9871,32.2143,31.9028
32.3714,103841951,32.4814,32.5328,32.25
31.9771,123005437,32.1971,32.2143,31.4643
32.0643,111581993,32.0257,32.14,31.7871
32.0171,112501374,32.1286,32.35,31.8957
32.0928,85156076,32.0143,32.1428,31.8014
31.75,139669082,32.1128,32.1771,31.6043
32.1071,113828294,31.4957,32.2857,31.45
32.6228,150384825,32.2343,32.6828,32.0143
32.7671,149419805,32.52,32.8857,32.5014
32.3786,135463131,32.9886,32.9957,32.3214
32.9857,159986658,32.7071,33.1357,32.65
33.1986,130887089,33.2857,33.41,33.0886
33.6921,131326339,33.8004,33.9257,33.4643
33.5714,107438412,33.6414,33.8014,33.4943
33.71,150568295,33.9271,34.1043,33.25
34.07,170363601,33.5678,34.0728,33.5386
34.22,111431983,34.0286,34.32,33.8571
34.3714,156909177,34.2457,34.56,34.0943
34.2786,142899723,34.3486,34.5057,34.0057
34.5414,83443105,34.49,34.5557,34.3514
34.6128,83236885,34.6,34.7243,34.5443
34.6328,76184103,34.5514,34.6857,34.4443
35.0986,100827750,35.04,35.1157,34.8671
35.56,93876048,35.1114,35.5757,35.0728
35.3428,187514026,35.51,35.8771,34.9357
35.2957,141571402,35.29,35.4128,34.5386
34.9414,177792843,35.5057,35.6071,34.7078
37.0314,245072944,36.9721,37.1786,36.5328
38.0671,197849809,36.8914,38.1071,36.6
38.69,198906390,38.2843,38.8828,38.1428
38.5,119378876,38.84,38.9228,38.3128
37.4343,176955713,38.1814,38.2628,37.2171
37.3714,189375537,37.6071,37.7143,36.63
38.3771,139522502,37.5743,38.5714,37.43
37.2986,135421971,38.4728,38.6528,37.2857
38.05,113343684,37.6914,38.2686,37.5543
36.9543,180620564,37.5557,37.6128,36.6786
36.5693,220353346,36.1471,36.8771,35.5328
35.1786,319584886,36.2614,36.8928,28.4643
33.6943,418562326,34.8157,35.2243,32.1728
36.2843,245539284,35.75,36.3786,35.5043
36.6457,212068004,35.9771,37.1271,35.7857
37.4414,163385299,37.035,37.59,36.9571
36.9086,149704075,37.6028,37.8571,36.6286
36.26,189368537,36.4521,36.64,35.6428
36.3171,190413707,36.3857,36.5971,35.3871
36.0514,194856888,36.7114,36.9357,35.7514
35.4771,256089547,35.6428,36.1314,34.9786
33.9657,319497456,34.5543,34.8357,33.7443
34.6171,305744272,33.26,34.9286,33.05
35.2514,188078156,35.3257,35.8428,35.18
35.0314,261342838,34.1928,35.2514,33.88
34.8727,212125404,35.7257,36.0186,34.8214
36.1928,165270400,35.8,36.27,35.5871
36.6971,203645811,37.0554,37.0571,36.1928
37.2614,218455576,37.0986,37.9914,36.9943
37.7071,171594061,37.7914,37.8286,37.1907
37.5886,162341809,37.8828,37.9357,37.2014
36.5664,189045767,36.8871,37.4143,36.3757
35.8486,221253336,36.8986,37.0214,35.7928
35.6186,249904415,36.1771,36.2571,35.0928
34.7428,213040094,35.9243,35.9857,34.6414
35.7871,193507918,34.9771,35.8543,34.6
36.2157,136154451,35.4607,36.2657,35.3386
36.3257,150469315,36.5657,37.0214,36.2871
37.0986,145862054,36.52,37.1214,36.5
38.1786,195557169,37.3,38.25,37.2329
38.8386,217872895,38.6571,38.9857,38.5
39.1534,195928029,38.8928,39.2857,38.7743
38.5957,193217628,39.67,39.8586,38.39
39.1214,178776694,38.88,39.4243,38.7857
38.71,191838418,39.2257,39.2371,38.2714
38.4286,178309303,38.7143,39.0278,38.3
38.1,136678611,38.58,38.61,37.9728
38.3286,146186434,38.1328,38.5357,37.7886
36.5957,282782865,37.7316,37.77,36.3286
35.9328,184538045,36.6728,36.8528,35.7157
35.4971,255527517,36.3286,36.4,34.7457
35.2771,173446612,35.7843,35.8471,34.7428
35.5186,153559326,35.8571,36.1143,35.1657
36.9521,163169979,35.7843,36.9671,35.6786
36.87,184252935,37.4971,37.5571,36.4128
37.0886,108260072,36.6986,37.1286,36.4514
36.755,140474992,36.9328,37.4071,36.4086
35.9711,296797219,36.6171,36.6286,35.2043
36.1038,202950851,35.6257,36.5428,35.5714
35.9214,205060442,35.4614,36.71,35.3286
35.7,259540618,36.1686,36.4243,35.4871
35.0828,255842447,35.6971,35.6971,34.2286
35.9843,263591379,34.7,36.1286,34.2871
36.32,295973249,37.87,37.8786,36.2857
37.0034,161139628,36.8114,37.1428,36.4728
37.1343,133236640,36.7271,37.1971,36.6114
37.04,104188731,37.1428,37.1571,36.8157
37.7257,145188934,37.2671,37.8286,37.1857
37.28,129737759,37.6671,37.9986,37.1786
36.8728,160834008,37.2443,37.5214,36.5857
36.75,112029784,36.5561,37.1,36.4143
37.4071,106583082,37.2057,37.5128,37.0886
37.4186,104082541,37.2871,37.6086,37.06
37.5686,105052042,37.5486,37.7543,37.1873
37.3857,72257102,37.39,37.5971,37.2214
37.1558,111151143,37.1114,37.3557,36.8043
37.3928,75552633,37.3543,37.45,37.0814
37.0586,112874754,37.1214,37.2071,36.7928
35.7414,154454626,36.4857,36.5271,35.6871
35.97,133552620,35.2414,36.1571,35.16
35.5857,88560037,35.95,35.9828,35.5843
35.3771,79420764,35.3686,35.7157,35.2314
35.9957,105546662,35.7257,36.3757,35.6
36.1528,84548265,36.0514,36.3814,35.94
35.6971,106533662,36.12,36.2114,35.5257
35.6628,95681559,35.6271,36.2743,35.5714
35.1143,103289091,35.97,36.0,35.0357
34.2757,150183995,34.6671,34.7143,34.0928
34.6986,148938905,34.0057,34.8557,33.8857
34.3257,116284385,35.0643,35.1071,34.3254
34.5171,136758551,34.5357,34.6586,33.6514
34.6428,95553599,34.3943,35.1071,34.3829
34.7286,104966361,34.55,34.9371,34.3357
35.7614,173960762,35.3528,35.9228,35.1828
36.0243,103632581,35.8946,36.0243,35.51
36.9671,130035609,36.4414,36.9686,36.3571
36.83,85565506,36.6628,37.0757,36.6071
37.56,131395709,37.1114,37.77,37.0143
37.5814,109347103,37.8628,38.0743,37.56
37.63,96849369,37.5986,37.7857,37.3428
38.1486,96883319,37.9743,38.3257,37.9657
38.2943,101293530,38.03,38.4528,37.9314
38.6028,106805122,38.31,38.6257,38.2628
39.51,162463819,38.6057,39.5243,38.5
39.3386,157292917,39.67,39.7086,39.0971
40.4614,164490809,39.44,40.54,39.4071
40.5386,166544330,40.5514,41.05,40.3986
41.1071,146168794,40.3871,41.14,40.3443
41.2743,196189899,40.9043,41.8228,40.8571
41.76,161761929,41.7286,41.9328,41.5071
41.5948,120369236,41.9964,42.1043,41.5728
40.98,258538988,41.6814,41.6814,39.2857
41.0528,117244505,41.0328,41.4014,40.8571
40.5357,167988710,41.2857,41.4286,40.1786
40.36,112000034,40.878,40.94,40.1928
39.8057,108637023,40.2286,40.4143,39.6814
41.2771,124901667,40.2857,41.35,40.2601
41.3128,167206320,41.37,41.7128,40.7514
41.3171,101859481,41.4766,41.4971,40.9871
42.01,164183439,41.6733,42.0714,41.4286
42.1943,106676392,42.1057,42.4628,42.0857
42.6486,139112862,42.2014,42.7857,41.7843
42.8771,155265647,42.8857,43.1371,42.8286
43.1871,108314742,43.0986,43.21,42.9143
44.9628,229189449,43.92,45.0,43.5586
45.4286,267603430,45.4957,45.5714,44.8986
44.2128,307005952,43.3428,44.8243,42.86
44.3614,179414674,44.1428,44.8928,43.8386
44.2171,136781721,44.6228,44.9628,43.8286
43.9243,92488648,44.1528,44.2914,43.7571
44.12,96214749,44.1557,44.5143,44.0628
44.0071,97175079,43.8386,44.2486,43.6643
43.9757,97963209,43.95,44.2714,43.6571
43.6057,137111911,43.9928,44.0,42.9857
42.9971,106459252,43.4614,43.6971,42.9814
43.4543,105463082,43.1743,43.6571,43.1714
44.1943,107689502,43.8571,44.3128,43.8571
44.6857,126496828,44.4814,44.6971,44.0757
45.4671,159613418,45.0643,45.74,45.0043
45.3043,90104657,45.4271,45.6528,45.25
45.5171,69985111,45.3143,45.6814,45.2514
45.1543,95514329,45.8643,45.9,44.9286
45.4328,95152429,45.2343,45.5386,44.7928
45.2364,90179837,45.0,45.4857,44.8928
44.0043,198704230,45.1428,45.2143,43.3757
43.8621,100475160,44.0657,44.3628,43.7528
43.0843,164041549,43.6743,43.9428,42.76
42.9286,119653066,43.0286,43.4271,42.5371
44.0614,123123667,43.6,44.2386,43.5271
43.8186,96113949,43.9957,44.0571,43.6057
44.7657,97869619,43.8114,44.7657,43.6957
44.1043,129372219,44.35,44.5357,43.7943
44.9707,103401091,44.5714,45.0571,44.5357
45.0,59436255,44.82,45.3857,44.7057
45.2671,110489713,45.0714,45.3543,44.4828
44.45,125157098,44.7914,44.9086,44.41
45.2,114829084,45.0386,45.3928,45.0
45.45,115699815,45.3614,45.5714,44.9843
45.3486,85503906,45.2871,45.5214,45.1914
45.7357,111165143,45.52,46.0471,45.4886
45.4586,97437439,46.2571,46.2843,45.4457
45.8586,80165284,45.6614,45.86,45.3014
45.6796,73378782,46.0188,46.0714,45.5743
45.7943,65576594,45.6643,45.8643,45.5143
45.9528,109673093,46.3386,46.4371,45.8571
45.7557,87718986,45.9614,46.0771,45.5714
45.7657,103780771,45.7143,46.1428,45.5986
45.8928,80244454,45.87,46.0871,45.7286
45.8014,96587849,45.9471,45.97,45.7471
46.03,96006079,45.9428,46.1786,45.4614
46.315,63928793,46.1428,46.3414,46.0071
46.4514,66449697,46.3371,46.5314,46.2214
46.2286,55731469,46.4286,46.45,46.1671
46.3828,62274056,46.1217,46.4914,45.9314
46.4957,43898371,46.5586,46.6657,46.4371
46.47,40775656,46.6028,46.6357,46.4428
46.2371,39354103,46.4971,46.5014,46.15
46.08,48344906,46.1357,46.2114,45.9014
47.0814,110964733,46.52,47.18,46.4052
47.3271,77212123,47.4914,47.5,46.8786
47.7143,63310259,47.0786,47.7628,47.0714
47.6757,74957912,47.817,47.8928,47.5571
48.0171,77371653,47.7128,48.05,47.4143
48.9221,111939414,48.4043,49.0328,48.1671
48.8057,110618303,49.2686,49.28,48.4957
49.2028,75491803,49.0357,49.2043,48.8571
49.3828,74023552,49.3086,49.52,49.1214
49.7828,76865693,49.4128,49.7828,49.2057
48.6643,462442329,47.0743,49.2518,46.5714
48.4057,283119845,49.7643,49.8,48.1257
47.5257,190898107,48.0614,48.3286,47.16
46.6743,188198066,47.6814,47.84,46.6614
48.2071,143251473,46.6957,48.2071,46.6743
48.7714,135998561,48.0471,48.7771,47.7957
49.1214,126542748,48.9943,49.3714,48.7857
49.03,71129331,49.1114,49.2418,48.9758
48.0143,147746454,49.1671,49.2,47.6468
48.4743,94202598,47.9714,48.5771,47.7571
49.29,106341512,48.7571,49.3786,48.7114
49.1886,64653258,49.2071,49.3214,49.0786
49.0628,98290879,49.1143,49.1771,48.3643
49.5,80346164,49.0914,49.5286,49.0728
50.2686,121039906,49.6986,50.4643,49.6628
50.7428,94755248,50.5257,50.7886,50.3071
51.1657,120447916,50.7414,51.2857,50.6957
50.6486,231786170,51.0557,51.4286,49.7143
50.9786,91775628,50.6789,51.1143,50.5057
51.3114,77500243,50.97,51.3543,50.9586
51.4143,70731871,51.3128,51.4243,51.0786
51.8757,118767216,51.5428,52.1286,51.5
51.1857,132320200,51.0357,51.4671,50.9314
50.08,203326891,51.2443,51.3571,49.9314
48.3728,217592825,48.8786,49.3428,48.2457
48.9457,167580960,48.3957,49.2343,48.3728
48.9828,124804997,49.1457,49.3071,48.3386
49.7371,94401188,49.3228,49.7757,49.2571
50.4586,100497210,50.1771,50.7214,50.16
49.9014,113527924,50.7814,50.8171,49.6687
50.3028,150412615,49.9943,50.6214,49.7714
51.3657,124643787,51.0271,51.3986,50.8457
51.4286,113155454,51.4386,51.47,51.1071
50.7657,136302361,51.6286,51.6671,50.1871
50.8228,88957077,50.7014,51.0571,50.3214
50.3528,113249954,50.67,50.68,50.0857
49.5243,126724608,49.8743,49.9671,49.2714
50.2843,117542215,49.3328,50.3314,49.2857
50.5086,108959443,50.4543,50.9263,50.1871
49.3471,179747944,48.8714,49.6914,48.5857
47.1443,287646046,48.8571,49.0,46.6086
47.8057,164523359,48.1186,48.5157,47.2371
47.2386,188150886,48.1614,48.3143,47.1428
48.4714,103178211,47.9986,48.5343,47.8943
48.7428,81435364,48.9371,48.9457,48.4486
48.4557,93078328,48.4686,48.6028,47.9928
49.2814,100635740,48.8357,49.4286,48.4086
50.22,111997444,49.7243,50.2943,49.5743
50.0628,77053503,50.45,50.6171,50.0628
50.1371,88011586,49.6657,50.1371,49.4371
49.8043,82147055,50.0914,50.1257,49.6343
49.7868,68453161,49.48,49.9714,49.4371
49.2228,104496031,50.1586,50.2267,49.0428
48.7414,114751314,49.1871,49.2286,48.3428
48.4128,120651896,48.1414,48.8928,48.0
48.2914,100460810,48.7457,49.1286,48.1628
48.2971,93268378,48.3,48.6328,48.0043
47.8657,94195248,48.56,48.5928,47.7071
47.2571,99679750,47.7228,47.9528,47.1457
47.4857,106196122,47.2128,47.6757,47.1714
48.0186,86483416,47.86,48.02,47.5028
47.4886,75357053,47.8286,48.0,47.4371
46.78,113325554,47.6143,47.6628,46.6857
47.4071,152935766,46.5857,47.4614,45.7371
48.2657,104574571,47.5857,48.2828,47.3871
48.9157,165860990,49.0728,49.3928,48.7857
50.0994,188240276,50.7143,50.7328,49.7886
50.4298,66418687,50.0486,50.5357,50.0428
50.06,84367665,50.5171,50.7128,49.9071
50.0214,88778857,50.32,50.3357,49.5857
49.5357,89955627,49.4557,49.9643,49.36
50.0186,208434163,49.54,50.5643,49.5237
49.4686,110396403,49.9628,50.067,49.3571
49.7428,78201993,49.7128,49.9843,49.3743
49.9386,97622099,49.7514,50.2614,49.5543
49.5357,83850155,49.7714,50.1357,49.4357
49.5228,69991117,49.9557,50.0,49.4586
49.6571,51143653,49.6943,49.8857,49.5039
49.9214,71227611,49.8414,49.9557,49.5228
49.6043,83509605,49.86,50.0,49.32
49.51,79915454,49.4457,49.5886,48.8957
48.6428,81443694,49.38,49.4643,48.6214
47.6143,112334984,48.4571,48.7457,47.5143
48.02,113030224,47.4286,48.02,47.2471
48.5528,83511355,48.0671,48.7214,48.0
48.6471,65148271,48.8686,48.9163,48.3814
47.8886,84476515,48.5086,48.7071,47.86
47.7714,95541069,47.1386,47.9971,47.06
47.4557,80444934,47.9286,47.9856,47.3343
48.1114,73437442,47.6328,48.3657,47.55
47.8571,55623739,47.9957,48.1271,47.7764
48.2014,50882462,47.8286,48.2328,47.7586
49.69,104084431,48.7286,49.69,48.7143
49.3586,138299601,49.8386,50.3046,49.2357
49.4431,84669645,49.5,49.7114,49.1857
49.0628,77951813,49.0257,49.3328,48.8586
48.2914,115190075,49.3857,49.5786,48.2586
47.4343,132345680,48.31,48.3171,47.4143
47.4628,83311015,47.3971,47.8286,47.2357
47.3557,68737284,47.6071,47.6671,47.25
46.5571,108450403,47.2214,47.38,46.5014
46.6571,82344175,46.7428,46.9014,46.4386
47.4914,83499035,47.1428,47.6071,47.0443
46.6786,98960500,47.1071,47.1857,46.4114
46.4514,126824918,46.7,46.9544,45.4757
45.7514,153715076,46.9986,47.0357,45.6228
45.0457,159899088,45.3364,45.3857,44.3571
46.4714,123112957,45.24,46.5428,45.0286
46.0871,97468589,46.4514,46.9857,46.0543
47.3186,139572412,45.5628,47.3843,45.4457
46.6214,109887573,47.3386,47.5928,46.4414
47.4343,84812375,46.7986,47.7,46.75
47.8943,73368002,47.6643,48.1,47.6343
47.72,88123516,48.0057,48.0528,47.4114
47.9528,80686784,47.8143,48.0186,47.5486
49.0371,109926493,47.9928,49.0714,47.7428
49.9186,88675467,49.0,49.9757,48.9286
50.2514,110994483,49.85,50.5857,49.53
51.0286,99596520,50.6671,51.1428,50.5714
51.3871,122332877,50.4771,51.4286,50.3143
50.5714,110366513,50.9057,51.3957,50.4028
50.5357,112716764,50.5043,51.0971,49.8028
51.1457,97557419,51.19,51.4286,50.9114
51.11,107130272,51.5728,51.6586,50.9057
52.1314,120737646,51.5957,52.1428,51.31
53.4,142687483,52.2043,53.5214,52.1828
53.8357,198837160,54.0,54.0928,53.3314
55.2714,234799250,56.5886,56.61,55.1428
55.3271,131469069,55.2786,55.7228,54.8428
56.1857,128609149,55.4743,56.4357,55.3928
56.9286,147129404,55.7643,57.1428,55.66
57.63,118968676,57.1428,57.7857,57.0971
56.0843,164365019,57.2271,57.52,56.0214
55.9743,148241774,55.9457,56.7128,55.4471
55.7828,157856347,55.3771,56.45,54.8571
56.6786,152529696,56.8257,57.0714,56.0528
55.5586,159570018,56.8071,56.8428,55.4786
56.0814,184655855,55.8543,56.2214,54.6057
53.91,217337675,55.63,55.9028,53.9071
53.3743,300872480,54.3486,54.7857,51.7957
50.4586,284991925,51.67,52.5386,50.4314
53.43,270036491,51.6143,53.5157,50.7143
51.9557,219333726,53.0214,53.5214,51.7857
53.3857,185283336,52.9314,53.6357,52.1028
53.8557,132123640,54.01,54.2343,53.4614
54.7728,114931004,54.2328,54.9957,54.0128
54.3543,124617257,54.5028,54.7671,53.7228
54.3486,110099393,54.6157,54.9314,54.0
52.2928,212521674,52.9771,53.2357,51.6243
50.8614,193669478,51.7386,52.4286,50.8571
50.92,133633050,52.0728,52.1257,50.7271
53.3714,163954819,51.4714,53.3771,51.0
53.74,146323144,53.3528,54.1371,52.9428
53.3886,217625305,52.1543,53.6357,52.1428
54.7971,160158018,53.0243,54.8286,52.9715
55.71,101134490,55.4543,55.9286,55.4286
55.7128,104308921,55.4643,55.9771,55.1728
54.9757,130506429,55.7957,56.0114,54.5514
54.4328,85770886,55.1171,55.3343,54.3886
53.4357,109691503,53.5343,54.0,53.1186
54.2486,127132428,52.4814,54.3328,52.3543
54.8471,87373746,55.08,55.0857,54.5714
54.8771,103837961,54.6286,55.5157,54.6157
53.9257,141166172,54.8471,55.1428,53.5743
54.2771,116765635,53.2857,54.4114,53.1286
54.9457,110052633,54.5914,55.1728,54.3214
55.6143,133540370,55.2886,56.03,55.1086
56.1371,103610951,55.9186,56.2371,55.7
57.2143,173859192,56.5057,57.2147,56.4328
58.8043,205318042,56.7143,59.0328,56.4578
59.0643,193493638,59.3214,60.4086,58.7414
58.8771,150996555,59.9486,60.2271,58.8571
57.4028,241788403,57.29,58.5457,56.6714
57.7571,136487861,57.1828,58.1057,57.1214
57.5957,203032191,57.1228,57.7114,55.9
57.0371,157716487,58.39,58.4643,56.8657
56.7157,107310242,57.17,57.6771,56.6443
55.7957,162647149,57.4171,57.4586,55.1728
54.4743,136874891,55.3028,55.5557,54.4543
53.5143,166972660,54.3386,54.6628,53.3101
53.2143,308080802,53.51,54.5428,50.6057
54.0357,196160359,52.5514,54.26,51.4714
53.91,202875671,53.3328,54.9686,53.1149
52.8286,133849140,53.6828,53.9628,52.6413
55.5443,110141043,54.1557,55.5443,54.03
57.1843,151188005,56.0814,57.5971,55.9286
57.4557,155337537,58.1914,58.4643,57.1628
58.3471,105774372,57.8543,58.3471,57.55
60.2857,142922473,59.5471,60.2857,59.3243
59.9986,171172941,60.2486,60.9571,59.42
60.32,213231124,60.2514,60.6867,59.4271
56.9457,275674643,57.3357,58.3456,56.8286
56.4728,137224191,57.1428,57.1928,56.3157
56.1243,154943506,56.8714,57.02,55.8214
57.9671,125430938,56.5971,58.0714,56.4857
56.8243,107432952,57.8614,58.0786,56.7686
57.2286,113884784,57.3943,57.5071,56.1644
57.8128,123496347,58.2228,58.4286,57.4128
57.85,80540134,57.5714,58.05,57.5014
57.8257,96335779,57.4886,58.4757,57.2928
56.6443,132769740,56.7728,57.0714,56.1743
56.7728,81719705,57.1557,57.2057,56.4443
57.5814,110279293,57.01,57.6286,56.48
57.1771,75324993,57.4328,57.6343,57.0228
57.1043,67411392,57.13,57.1428,56.59
58.0328,99898290,57.4586,58.2857,57.3657
56.4686,139385792,56.71,57.27,56.3186
55.0314,186111226,56.7186,56.7443,54.5928
54.9457,163319499,55.23,55.5286,54.3228
54.18,108182162,54.7886,55.0357,54.0286
55.5471,107614952,54.4,55.6428,54.2071
54.9671,87102636,55.6071,55.8771,54.9028
53.9157,119918436,54.8543,54.94,53.6428
53.5628,92964578,54.1314,54.2843,53.5543
52.7157,111837844,52.9143,53.0971,52.2728
53.7871,102201781,53.0028,53.99,52.9914
52.4271,107011272,53.5014,53.6914,52.4114
51.9386,63689820,52.6314,53.0214,51.9028
53.7314,86538996,53.1928,53.8171,52.9043
53.3143,93871498,53.6914,54.1186,52.8857
54.6,101253000,54.47,54.6108,54.0428
55.4186,95857679,54.6486,55.5714,54.3928
55.6714,94724238,55.69,56.2328,55.5114
56.1443,89257027,56.2128,56.63,55.7697
55.85,70841701,56.0728,56.3757,55.6257
55.5843,76144063,55.7043,55.8486,55.2518
55.8086,93960468,55.9214,56.5,55.7471
56.2314,74176572,56.1214,56.2914,55.8614
55.9771,74755332,55.9543,56.2714,55.6357
55.5443,84620155,56.1428,56.4857,55.3
54.3128,101456840,55.2428,55.34,53.9543
54.1343,64036768,54.7614,54.82,54.0443
54.4314,105291372,54.3371,54.8786,54.2243
54.6014,58582206,54.6386,54.9786,54.3543
56.5643,84150665,55.3943,56.5857,55.3228
56.635,65476620,56.67,56.7571,56.0014
56.9357,50399476,56.7143,57.0186,56.5857
57.6186,67331438,57.0986,57.6557,57.0707
58.0757,66234181,57.5857,58.4414,57.5743
57.52,57101943,58.1271,58.3214,57.3343
57.8743,53774275,57.6286,57.95,57.2157
57.8571,44900596,57.6443,58.04,57.6414
58.7471,75476123,58.4857,58.9286,58.4286
59.0628,64703000,58.5714,59.24,58.4686
59.7186,67606475,59.2786,59.7928,58.9528
60.3428,79538994,59.9671,60.3928,59.8886
60.2471,98339110,60.7857,61.1071,60.1928
60.4628,64474443,60.8443,60.8571,60.2143
60.3643,53739093,60.3828,60.4071,59.9014
60.1986,53125179,60.3257,60.4143,59.8214
59.9728,56446393,59.9571,60.0643,59.8086
60.6714,60589792,60.6,60.8557,60.4228
61.3014,68859875,60.9943,61.3528,60.9
61.1071,65151043,61.45,61.6241,60.93
60.0428,103061661,61.07,61.0714,59.9643
61.0584,76162193,60.3814,61.2071,60.3286
60.0586,127725188,60.7286,60.7286,59.9357
63.8086,239249712,64.92,64.9214,63.39
63.5186,80913094,64.0514,64.1128,63.3057
63.8971,74902122,63.4771,64.0686,63.3957
64.7157,94626868,63.6728,64.8428,63.6271
65.2114,97874379,65.0843,65.4628,64.7243
65.17,67269418,65.4871,65.57,65.0786
65.0171,46615058,65.1286,65.31,64.8543
65.6686,71618981,65.3286,65.7143,65.08
66.2814,62225658,65.4828,66.4257,65.4573
66.9757,78941684,66.4643,67.1071,66.3687
68.0971,101696381,67.2143,68.1128,67.1
70.4528,220416976,68.68,70.9643,68.6514
70.4886,157587127,70.1371,71.0886,69.7928
71.8,128970559,71.3614,71.9757,71.0128
72.78,114963904,72.0943,72.7943,71.7143
71.0957,374517892,73.4657,75.1843,70.9843
71.7443,235805641,70.2143,72.1271,69.5186
71.7314,133666300,71.8728,72.5385,71.4714
73.55,150412545,72.4114,73.55,72.0171
73.2914,120564116,73.2971,73.6414,72.7243
73.77,141721973,73.5828,73.9756,72.7857
74.63,103715531,74.2385,74.7,74.0914
75.1085,136457481,74.4728,75.5,73.7543
76.4871,149434575,75.4228,76.4871,75.1214
77.4914,237448891,77.3657,78.23,76.5285
77.7814,170563731,78.31,78.3157,76.9671
77.8828,107544392,77.7485,78.1143,77.5028
76.1657,201797181,77.9171,78.2114,75.1428
75.7514,202211301,74.8085,76.2414,73.7458
75.8128,198964910,76.6857,76.8257,74.7571
77.4271,128668929,76.3843,77.57,76.0171
77.8814,104560151,77.7443,78.2485,77.5871
78.8571,101001000,78.426,78.8571,78.1428
81.1571,172173592,79.6485,81.1685,79.3928
84.2257,353599156,82.5785,84.96,82.2
83.6514,289496777,85.6585,85.7157,82.65
83.6528,206076492,83.5314,84.1714,82.5714
85.8714,224435817,85.4814,85.9671,84.15
86.5657,203497481,85.6443,86.7,83.1428
86.0714,160447118,86.1057,87.0928,85.9157
85.62,155867437,85.3971,86.3571,85.0757
85.15,107403062,85.7843,85.9714,84.9144
86.7114,148719035,85.6843,86.7357,85.0371
87.7828,151353625,86.5971,88.04,86.58
88.2314,163667329,88.34,88.7785,87.1871
87.1228,151111705,87.54,88.08,86.7471
85.65,182067395,86.9671,87.2228,85.42
88.3757,149091365,85.9757,88.3957,85.7685
89.9028,208117692,89.6143,90.3157,88.93
89.1871,142980433,89.1928,89.4085,88.1428
90.5257,159997578,89.5685,90.6657,89.0571
90.89,149052655,89.4471,91.4057,89.3285
89.7771,221909237,91.4185,92.0,89.4285
89.4571,173844142,90.8857,90.9814,89.0489
88.9671,153188746,89.2857,90.19,88.6428
86.4614,214640084,89.1585,89.2428,86.2157
82.8757,262356159,87.1514,87.1828,82.6071
87.1,255328647,82.7057,87.1428,81.7014
86.9057,238277411,87.6743,88.6071,86.1014
83.92,208302982,85.7457,86.3903,83.5028
81.8543,257480867,84.4828,84.9457,81.4885
81.6714,241398292,81.5157,82.3814,79.5171
80.04,263552249,80.3728,81.0985,79.2857
87.1428,225862488,87.9478,88.2857,86.5714
86.8143,133588810,87.7528,87.8128,86.0185
86.1428,101533910,86.4385,86.5971,85.7857
83.4257,126321688,85.4,85.4857,83.2857
83.1614,152492176,83.5571,85.2514,83.0328
83.7114,106750312,82.8914,83.9142,82.6943
83.1171,97380669,84.3571,84.4857,82.9
80.75,132304520,82.44,82.6228,80.7385
81.3543,114959564,80.2143,81.8243,80.1757
81.1685,124080357,81.3685,81.6428,79.8185
81.3114,120022806,80.5285,81.9968,80.1214
81.5028,83026395,82.0828,82.2685,81.2058
80.9585,99653570,80.7143,82.0671,80.6214
79.7457,87975396,80.3671,81.0728,79.6571
79.0243,118859546,80.2071,80.46,78.8214
78.0107,139914782,79.15,79.5557,77.2914
75.7314,178603164,77.9014,78.2143,75.7314
75.7685,182773345,76.28,77.63,74.5971
80.1828,157250007,76.3571,80.22,76.2928
79.5671,173417772,81.3643,81.9828,78.94
81.5085,145594164,79.6428,81.8285,79.0328
80.76,123856147,82.2671,82.3571,80.1757
80.3271,81958125,80.6557,80.8357,79.7817
81.7528,94973228,81.5571,82.0,80.7585
82.7385,132188320,81.3143,82.8557,80.9371
82.5328,122817347,82.9628,83.0714,81.6371
80.1414,130080689,81.3085,81.8071,80.0743
80.6128,138991972,80.2143,81.0714,78.3571
80.4043,96944429,80.1814,80.9243,79.7614
81.6371,100135800,81.11,81.9785,80.7857
81.6743,94916808,82.47,82.4743,81.5
82.9028,86587996,81.6571,82.9405,81.2857
81.5957,147605824,83.96,84.0714,81.5185
82.3085,108784723,82.0657,82.3743,80.9571
81.7371,73380042,82.0743,82.64,81.4828
81.6471,86325986,81.6057,81.9285,81.0371
82.0185,83596545,81.5714,82.0885,81.3643
83.6828,109922713,81.5657,83.9843,81.4814
83.9157,90239127,83.3428,84.2857,83.3
83.6773,89706357,84.03,84.1785,82.9714
82.5243,81511944,83.6343,84.0314,82.4914
83.1571,70792001,82.72,83.17,82.2028
81.5378,75963043,82.4714,82.8285,81.4814
81.7178,69124972,81.6185,82.07,81.0471
82.0714,50737114,82.1428,82.3914,81.7028
81.2928,70572061,81.6671,82.0,80.8014
83.4285,105131912,82.5714,83.4285,82.0357
84.6457,99806940,83.5328,84.7814,83.3714
85.63,60428183,84.9828,85.7143,84.8571
87.1343,120978516,85.7943,87.7628,85.6643
86.5543,104693151,86.7271,86.92,85.94
87.6985,94701768,86.4714,87.7,86.3014
86.8871,127763688,88.2814,88.5528,86.4728
86.3471,117068665,86.5885,86.8085,85.3171
85.5571,106873442,85.7485,86.21,84.6685
86.4243,77827633,86.1357,86.7414,85.7143
86.7014,75263813,86.4457,87.3743,86.4314
86.7057,73378782,87.2557,87.3571,86.1643
86.6085,62685509,86.6557,86.9057,86.2228
87.76,108981913,87.3257,87.9071,86.5714
86.3285,99227200,87.5757,87.7771,86.2428
86.2614,121642186,84.9143,86.5571,83.9585
85.8457,137351661,86.7685,87.0971,85.5014
82.1385,219211506,82.0657,82.9714,81.4285
82.1257,101611050,82.8228,82.9143,81.48
83.5943,100956620,82.1443,83.69,81.6557
85.0043,94626868,84.4171,85.6343,83.9743
87.2514,115373055,86.1757,87.3857,86.1028
86.6871,96002719,87.9864,88.0571,86.1428
86.8271,83023385,86.12,87.2414,85.75
87.9571,86083296,87.6614,88.2828,87.3657
88.9357,75488233,88.1843,89.2668,87.8943
88.702,72558872,88.9671,89.2857,88.2914
88.5514,60970746,88.4843,89.1257,88.1571
88.6757,55081834,88.2643,88.8185,88.2571
88.8143,48726623,88.3871,88.8228,88.3857
90.0,69562052,89.0557,90.0,89.0357
90.2414,84939075,90.2671,91.23,90.03
90.1185,64307325,90.1857,90.5714,89.6785
90.9057,63601368,90.1728,90.9657,90.0714
92.5871,110457373,91.4285,92.5985,91.2585
95.0214,152992536,92.8585,95.0214,92.8428
93.7231,202792581,95.8314,96.4114,92.9043
95.5528,140900172,93.4885,95.5714,92.5871
94.6614,104855271,95.1585,95.7,94.45
94.746,107074132,94.2157,95.64,93.65
96.5257,106575802,97.1414,97.2671,96.22
96.4,66709096,96.4253,96.5857,95.8104
96.2094,50544551,96.4643,96.81,96.0857
94.8383,75514273,95.8057,95.9363,94.6933
95.0343,84463495,95.3214,95.5143,93.8928
96.4243,91805028,95.1085,96.4485,94.9285
95.7471,83949835,96.51,96.6214,95.6571
96.61,97738999,96.1671,96.8985,95.8285
97.2057,82228185,96.8643,97.4971,96.5385
94.6771,121551956,97.2071,97.6128,94.5857
94.37,125760918,95.0157,95.7285,93.7857
95.6843,177589913,95.2643,95.7,93.7143
97.5685,149262095,96.7671,97.9285,96.3957
98.7543,149877325,98.565,99.5685,98.27
99.9687,98918360,99.9071,99.9714,99.23
100.2728,93139368,99.9828,100.3328,99.4885
100.3,81575714,100.0371,100.57,99.9385
99.8143,83949835,99.88,100.0085,99.0885
100.0135,142582763,100.3443,100.7243,99.9088
98.6843,159435968,98.1228,99.3028,97.5714
96.22,129376629,98.3228,98.9685,96.1428
95.0257,144088393,95.5343,96.0985,94.4571
97.3314,148037514,94.8985,97.4528,94.3357
95.3007,133569490,96.9643,97.3014,95.25
94.1985,135694481,95.88,96.6785,93.7857
94.4728,156293037,94.5443,95.1928,92.95
95.9214,105850532,94.98,95.98,94.6614
95.2571,92516018,95.8928,96.3214,95.0785
93.2271,148189554,95.0285,95.1428,93.04
91.1671,159189568,92.4114,92.5085,90.8728
90.8357,209390853,91.2357,91.4985,89.0785
91.5585,127322338,91.3914,92.14,91.0
89.7285,136341211,92.3571,92.4571,89.7285
89.9591,114883754,89.9371,90.7685,89.3285
90.68,107948432,90.3357,90.7328,89.1214
92.8275,137208791,90.7671,92.9,90.1428
92.0876,97195099,92.6957,93.2557,92.0
90.3771,119025656,91.37,91.7228,90.0
87.12,185618286,90.15,90.2528,87.0885
90.5757,136374671,87.4885,90.7685,87.2514
87.6222,176497913,90.1428,90.5571,87.3857
88.1185,139246492,88.7771,89.5071,87.2343
87.0768,159313328,88.5714,88.8571,86.5071
86.2857,254608276,87.0614,87.7143,84.4285
85.0457,127361118,84.9828,85.9943,83.9571
85.22,90287637,85.46,86.1428,84.8814
82.4,149722555,85.1271,85.2785,82.1071
83.5173,132221850,83.3593,83.9671,82.5143
83.2642,93580438,84.3185,84.3914,82.87
79.7145,198152419,81.9764,82.0771,79.3928
76.8214,263467059,80.09,80.3185,76.47
78.1514,232298080,77.2028,79.2685,76.2457
77.5471,128801509,79.1643,79.2143,76.95
77.5568,133201920,76.9871,78.64,76.6228
76.6971,119026076,77.9285,78.2071,76.5971
75.0885,197157859,76.79,77.0714,74.66
75.3825,316194785,75.0285,75.7143,72.25
80.8185,205441312,77.2443,81.0714,77.1257
80.1305,160537558,81.7014,81.7071,79.2257
80.2428,93231278,80.6071,81.0528,79.5143
81.6428,68206599,81.0243,81.7143,80.3714
84.2185,157238387,82.2714,84.2857,81.9585
83.54,133099650,84.2214,84.3457,82.8714
83.2771,130112749,82.4671,83.6857,81.7514
84.1943,128394879,84.3164,84.8928,83.6071
83.6114,97622309,83.8271,84.0571,83.24
83.7414,90911547,84.8071,84.9414,83.6428
82.2636,138712182,83.1143,83.1143,81.7328
76.9703,259803118,81.2728,81.3214,76.9671
78.1778,294065958,75.5628,79.0443,74.09
76.1785,196603459,79.0571,79.3143,75.7143
75.6887,157477787,75.0,76.93,74.5114
77.3411,147820794,77.11,78.5085,76.7671
77.0,121630216,78.2528,78.2857,76.61
75.67,155971877,75.8785,76.8057,75.1143
72.8277,252115436,73.5357,74.0188,72.2257
74.1185,189181917,72.7043,74.2857,71.6043
76.2714,156143657,75.0,76.4143,74.3214
75.1871,112061074,75.9243,76.2428,75.0714
74.5329,120153986,75.7143,75.7428,74.1257
74.19,148609695,73.21,74.2385,72.8914
74.3097,43936990,74.3357,74.8928,74.1014
73.2856,75475003,74.1428,74.2085,73.0171
73.58,113575314,73.3628,73.75,72.0943
72.7984,88117426,72.8985,73.4971,72.5885
76.0247,164519649,72.9328,76.4857,72.7143
78.4328,139906732,79.1171,79.2857,77.3757
77.4422,88054216,78.2685,78.5243,77.2857
75.2857,148374285,76.7093,76.9471,75.1183
74.8428,120838376,74.5714,75.6143,73.6
75.0443,114451364,75.6014,75.9843,74.4643
73.8714,101748741,74.6428,75.0007,73.7128
74.7871,149986665,75.5071,75.5314,73.6457
74.3285,87569116,74.4285,75.0457,74.1457
71.6785,183021145,71.8114,72.5,71.2157
69.4171,217802615,71.1857,71.2843,69.0543
72.2985,172393952,70.6628,72.7771,70.3571
71.8114,112900444,72.9014,72.9643,71.7185
71.4285,116987465,71.2166,71.7457,70.9143
72.11,114745924,72.08,72.5543,70.9471
73.4293,191090117,72.6871,73.57,72.11
64.3571,364459099,65.7143,66.5328,64.3214
62.84,301617420,64.5271,65.1757,62.1428
64.2614,195771859,62.5464,64.7443,62.2657
65.4671,142486933,65.5,65.7428,64.5886
65.2614,104140851,65.2857,66.0857,64.9286
65.07,79445474,65.2828,65.6114,64.9971
64.8028,134704470,65.5871,65.64,64.05
63.188,119044766,64.8443,65.1343,63.1428
65.4063,142959083,63.4357,65.6771,63.1743
65.3357,148003914,65.21,66.6428,64.6543
66.8886,175627813,66.1786,67.1428,64.8743
67.8543,158143417,67.7143,68.4014,66.8928
68.5614,128206578,68.0714,69.2771,67.6071
66.8428,151743386,68.5014,68.9114,66.8206
66.7157,118682866,66.7443,67.6628,66.1743
66.6557,88785717,66.36,67.3771,66.2886
65.7371,97873819,66.9786,67.1657,65.7028
65.7128,108820003,65.8714,66.1043,64.8357
64.1214,118823076,65.3843,65.3843,64.1143
63.7228,111563653,63.7143,64.1671,63.26
64.4014,82560265,64.1786,64.5143,63.8
63.2571,92813518,64.8357,65.0171,63.2243
64.1386,125040618,63.4028,64.5057,62.5228
63.51,146554914,64.0614,64.6343,62.95
63.0571,80512484,63.4357,63.9814,63.0571
61.4957,137819681,62.5714,62.5971,61.4257
60.0071,144332343,61.1143,61.1714,59.8571
61.592,159227158,60.2114,62.17,60.1071
60.8088,114860374,62.0728,62.1786,60.6328
61.5117,116969895,60.6428,61.7157,60.1514
61.6743,97466769,61.4,62.2043,61.23
62.5528,118221425,61.3928,62.7157,60.7343
61.2043,116142145,62.2286,62.6971,61.0814
61.1928,101314460,61.2071,62.0714,60.7657
61.7857,75801483,61.8328,62.0914,61.4928
63.38,160587468,62.5614,63.4614,62.4643
65.1028,149961185,63.0643,65.3514,63.0286
64.9271,131468929,65.6428,65.8528,64.0714
64.5828,76980353,65.3457,65.3757,64.2271
64.6757,95484439,64.3171,65.4257,64.3
65.9871,98261129,64.94,66.0143,64.73
66.2257,124980207,66.3843,67.1357,65.9686
65.8766,73390892,66.4914,66.5485,65.79
64.5828,81772975,65.2086,65.2571,64.39
63.2371,110618443,64.26,64.5456,63.0886
61.2728,97168149,63.1286,63.3854,61.1057
61.3988,132255450,61.0857,62.5914,60.9143
61.7128,90550837,61.6243,62.4686,61.4728
61.1028,89574827,61.9657,62.1428,60.75
60.4571,95724469,60.6428,60.7071,59.9543
60.8871,75145863,60.6928,61.0714,60.3557
60.9971,76595913,60.9086,61.2143,60.3928
62.2414,93883258,61.1571,62.4371,60.8586
62.0471,82064315,61.96,62.57,61.6
61.4,59634201,62.0214,62.0214,61.2986
59.9786,79101214,61.0,61.1271,59.9357
60.8914,76203143,60.2243,60.9443,60.0814
57.5428,236094111,60.0386,60.0857,56.8728
56.0071,166414970,57.8557,57.97,55.6774
55.79,152132166,55.4243,57.0857,55.0143
56.9528,107226032,56.0914,57.4571,55.8964
58.0186,150492275,57.7128,58.3401,56.9728
57.9231,242352533,56.22,59.3214,56.0714
58.34,95958899,58.7464,59.1343,58.1428
59.6007,190977767,58.5443,59.8241,58.3214
61.4457,159929048,60.0643,61.9453,60.0
63.2543,172699362,62.1571,63.6071,61.7243
62.7557,126694438,63.4943,63.5614,62.0557
63.6457,105409532,63.1114,64.0843,62.9471
64.2828,90287637,64.4728,64.7471,64.1643
65.8157,123979417,65.1014,66.0286,64.9014
65.5226,120467656,66.4243,66.5357,64.8143
66.2628,117977895,65.5771,66.4814,65.1157
65.2528,99448260,65.6871,66.1428,65.0828
64.71,83615305,65.4243,65.6728,64.3543
64.9628,79216224,64.5014,65.4143,64.5
63.4086,111617413,64.8357,65.0286,63.1643
61.2643,185168956,62.7371,63.0,60.3371
62.0826,150737695,60.4628,62.55,59.8428
61.8943,106966262,62.7214,62.87,61.5728
63.2757,112529584,61.7014,63.6857,61.4428
62.8086,113917824,62.5928,63.64,62.0286
63.0506,110682773,63.4357,64.05,62.6028
63.1628,88239856,62.2786,63.7371,62.2557
63.5928,69009031,62.9786,63.6657,62.9086
63.0627,96311559,64.2714,64.4443,62.9786
63.5643,82553265,62.8571,63.9286,62.7714
64.5114,88354937,63.6643,64.9286,63.5014
64.2478,95688069,64.6428,65.3,64.2143
64.3886,92900598,64.39,64.6228,63.2114
64.1871,72575322,64.7457,64.9186,63.9128
63.5871,72524432,63.6643,64.3886,63.3871
62.6371,104167451,63.6386,63.8571,62.0071
63.1158,101081990,62.3571,63.32,61.8243
62.6986,112489474,63.5328,64.1541,62.4
62.5143,71515731,62.2486,63.2514,61.9028
61.7414,66270567,62.7857,63.0357,61.6428
62.2807,71449021,61.7857,62.4486,61.25
61.4357,67955299,62.2,62.3271,61.2143
61.7143,64784564,61.6343,62.2428,61.4802
61.6814,48375328,61.6514,62.1286,61.4586
60.4286,77690993,61.6286,61.6657,60.4286
59.5483,89321357,59.9,60.8543,59.31
59.0714,120212576,59.7843,60.0,58.3
57.5057,120047026,58.2,58.38,56.8643
57.5186,78533304,57.9571,58.2557,56.9757
56.8671,91911848,57.7,57.8271,56.5228
56.2543,84237745,57.0357,57.3414,56.22
56.6471,144584903,55.9086,57.1814,55.5528
58.46,97736269,57.5271,58.8957,57.3171
59.7843,117427695,58.5657,60.2328,58.4957
60.1143,60232176,60.1228,60.4257,59.6357
59.6314,68482701,60.0557,60.47,59.3357
59.2928,74476172,60.0157,60.1428,58.6643
60.3357,88135556,59.0857,60.5,58.6257
60.1043,70064141,59.9428,60.6857,59.75
61.0411,81567174,60.4214,61.1786,60.1671
60.93,69863934,61.0928,61.3986,60.4871
61.0628,60473991,60.7157,61.6371,60.6857
61.4564,54028599,60.9314,61.53,60.5957
61.4728,49737479,61.3857,61.7457,61.1743
61.6797,54658172,61.9114,62.1243,61.5157
60.7071,67137272,61.8714,61.9971,60.6214
60.9014,51912282,61.3514,61.3928,60.7811
59.8557,88619467,60.8571,60.9943,59.8157
62.93,147906334,62.7043,63.5128,62.18
62.6428,57358143,62.9571,63.0571,62.2586
62.9986,50020601,62.1857,63.0057,62.0486
63.97,62006404,62.9714,64.2843,62.8857
64.76,77240193,64.28,65.3071,64.1757
64.6471,80624904,64.9986,65.3346,64.2043
65.2394,51386070,65.1076,65.2571,64.7514
66.0771,68411287,65.43,66.1214,65.2371
67.0643,79577704,66.3843,67.2386,66.0214
66.4643,83703085,66.86,67.4128,66.0243
66.4257,74622262,66.2571,66.7143,65.9671
65.8586,63939790,66.265,66.3,65.4214
64.9214,66643940,65.52,65.78,64.8071
66.7657,90984207,65.2657,66.95,65.2328
69.9386,219450906,67.2771,70.6657,66.8643
71.2143,188427037,71.1257,72.0357,70.4857
71.13,122386917,70.9171,71.7713,69.869
71.7614,90314517,71.45,71.8485,71.2657
72.5343,127401718,72.0485,73.3914,72.0
71.5814,89508677,72.8157,72.9385,71.5457
71.7657,83783025,71.9414,72.45,71.6
71.8514,60866474,72.14,72.2271,71.1714
71.5743,55559766,71.8957,71.9071,71.3357
71.8528,82354395,71.5357,72.8857,71.5
69.7986,105846822,71.1428,71.7871,69.4714
70.128,76746763,69.4286,70.8286,69.4286
70.2428,59804259,70.2357,70.9286,70.1614
69.6023,68053649,70.2857,70.4214,69.5
69.7971,82966965,70.4428,71.5143,69.6214
71.2416,86016026,71.3657,71.7485,70.8971
70.7528,58779242,71.4643,71.5257,70.52
71.1743,89482147,71.2057,71.34,69.9928
72.31,84479315,72.1428,72.56,71.9257
70.6628,185372026,72.3143,72.4928,69.9286
66.8157,224172687,66.7157,67.67,66.4014
67.5271,100856800,66.9286,67.9143,66.5728
66.4143,74495492,67.0486,67.4042,66.3857
64.3028,136563951,65.8571,65.9443,63.8886
65.0457,99704600,63.9943,65.6728,63.9286
66.3828,113636704,66.1686,66.6214,65.8086
67.4714,100811930,67.2428,67.9757,67.0357
66.7728,174425492,68.2857,68.3643,66.5714
70.0914,189942957,70.8714,70.9871,68.9428
69.8714,90481397,70.6971,70.7814,69.6886
68.79,79011544,69.8857,69.9486,68.7757
69.46,59050786,69.4286,69.7943,69.1286
68.9643,56787853,69.1114,69.2386,68.6743
68.1071,64764985,68.1786,68.8086,67.773
69.7086,88194286,68.35,69.8771,68.3401
69.9371,71799162,69.3757,70.2571,69.1071
69.0586,78802384,70.0728,70.3357,68.6769
69.0043,64638089,69.1228,69.2286,68.3714
69.6786,77889233,69.5086,70.3786,69.3357
68.7057,72260532,69.9914,70.0914,68.6486
69.5126,75304273,69.2343,69.6843,68.3257
69.9483,69186523,70.1886,70.34,69.5771
70.4017,66797100,69.57,70.5486,69.3086
70.8628,65216780,69.9757,71.0828,69.9071
71.24,79715744,71.0721,71.7143,70.7886
71.5877,62449609,71.5414,71.79,71.3186
72.0714,63116954,71.4257,72.1114,71.3828
72.6985,72195292,72.2843,72.7514,72.2443
74.4803,98700380,73.11,74.9,73.0743
74.2668,133200030,75.2007,75.4928,72.5757
74.9943,78237833,74.1428,75.0957,74.1428
75.9871,96004539,75.0,76.0671,74.6357
75.1368,84316215,75.9021,76.1757,75.0157
75.6965,124205797,75.5771,75.8571,74.7443
73.8111,158499648,76.61,77.0357,73.5057
74.9851,88125406,74.23,75.36,73.86
74.6717,68774804,75.0,75.3557,74.4671
74.29,68524519,74.86,74.9714,73.6914
75.25,61011871,74.4428,75.26,74.1157
75.0641,66243519,74.94,75.555,74.7143
74.4171,55716622,74.8785,74.98,74.0285
73.2131,65542966,74.2257,74.7414,73.1971
74.3657,69617240,73.5114,74.4471,73.2271
74.1497,56747589,74.2843,74.5243,73.4871
74.2871,51067815,73.9528,74.8457,73.8571
74.3763,49154022,74.0,74.6071,73.8514
75.4514,70401611,74.6871,75.6114,74.5528
74.9987,79339984,75.2257,75.5843,74.9271
74.0898,60997871,74.9985,75.3128,74.0285
74.2214,52105335,74.1471,74.7685,73.9957
73.5714,48459468,74.1757,74.3457,73.4757
74.448,65382638,73.9428,74.4585,73.3814
74.2571,55833466,74.2171,74.5943,74.0757
74.82,57270811,74.4314,75.1243,74.4285
76.2,99957720,74.8743,76.5914,74.8571
77.9943,90644497,76.6157,78.0,76.2
79.4385,79532274,78.4971,79.7614,78.2585
78.7471,117918255,79.7143,80.6185,78.6885
80.9031,112338274,79.7571,80.9114,79.6685
80.7143,94279248,80.7857,81.3128,80.1171
81.1287,111600823,81.8071,82.1622,80.9157
80.0028,85919076,80.8271,80.9643,79.9385
80.9185,79945274,80.1286,81.3685,80.1286
80.7928,69101620,80.5114,81.1257,80.1714
80.1943,89783987,81.0,81.5671,79.9557
80.0771,65465763,80.306,80.7628,80.0043
79.2043,82974455,80.4071,80.4114,79.0957
79.6428,70547981,79.2885,80.377,79.2871
79.2843,57137328,79.4014,79.92,79.0535
78.6814,141217062,78.5285,78.7785,76.9714
77.78,79939814,78.5,78.5714,77.6757
78.4314,108738663,77.9185,78.8014,77.831
81.4414,125072328,81.1428,81.5314,80.3943
81.0957,41888748,81.4128,81.6971,80.8614
80.5571,50906710,81.1571,81.3571,80.4823
80.0128,56385717,80.5457,80.63,79.9285
79.2171,63265305,79.6371,80.0128,78.903
80.1457,55761100,79.1671,80.1828,79.1428
79.0185,58661530,79.3828,79.5757,78.8601
77.2828,98046999,78.98,79.1,77.2043
77.7043,103132361,76.7785,78.1143,76.2285
77.1482,80172914,77.76,77.9943,76.8464
77.6371,64158428,76.9728,77.9371,76.9557
76.6455,69762819,78.1143,78.1228,76.4786
76.1343,76235553,77.1185,77.2571,75.8728
76.5328,94612448,75.7014,77.5,75.6971
78.0557,83082535,76.8885,78.1043,76.8085
79.6228,97888589,79.0743,80.0285,78.8085
79.1785,57313035,79.2714,79.55,78.8114
77.2385,106660852,78.7828,78.8671,77.1285
78.4385,81897015,77.2843,78.5814,77.2028
78.7871,94941728,78.7021,79.6128,78.2585
79.4543,100803600,78.5628,79.5,77.8295
78.01,107943182,79.1428,79.3743,77.8214
78.6428,135926881,78.5814,79.2571,77.9643
72.3571,266302550,72.68,73.5714,71.7243
71.5357,125679438,71.9928,72.4814,71.2314
71.3974,169602001,71.7914,72.3571,70.9571
71.5143,116191705,70.74,71.6471,70.5071
71.6471,100347900,71.8014,72.5328,71.3286
72.6843,94166758,72.2643,72.78,71.8228
73.2271,82072855,72.3657,73.6114,72.3217
73.2157,64415139,72.8657,73.3571,72.5443
74.24,93444918,74.4828,74.7042,73.9114
75.57,86342646,74.0943,75.9985,74.0
76.5657,70489461,75.8014,76.8214,75.6428
76.56,76994423,76.7071,77.08,76.1771
77.7757,76790093,76.38,77.8357,76.3143
77.7128,68395257,77.4957,77.9971,77.3157
77.9985,65048101,78.0,78.7414,77.9443
76.7671,78415914,77.8214,78.1271,76.3357
75.8785,76457383,76.1414,76.7143,75.5714
75.0357,69688045,76.1133,76.3671,74.9428
75.3643,72208942,74.7357,75.7028,74.6314
74.58,57961606,75.6257,75.6521,74.4285
73.9071,69024270,74.8014,75.0,73.6571
75.3814,75444623,73.8771,75.54,73.7214
75.1771,92930208,75.5828,76.1071,74.5885
75.3943,59671581,74.7743,75.8071,74.6871
75.8914,64772440,75.8571,76.0914,75.3957
76.0514,50000910,75.8457,76.3928,75.59
75.8214,46363282,76.1128,76.3485,75.4428
75.7771,55164427,75.87,75.9971,75.15
75.8457,44638950,75.48,76.19,75.477
76.5843,69791288,76.4928,76.9628,76.0843
76.6585,49819071,76.3585,76.7643,76.0
75.8071,64314038,76.7771,77.0943,75.5943
74.9557,59166181,75.5414,75.8414,74.7143
75.2485,49725201,75.3857,75.71,75.1214
75.9143,52279152,75.1285,75.9957,75.0286
75.8943,56077605,76.0371,76.6057,75.5714
75.5285,52017415,75.6985,76.0957,75.3357
76.1243,93431688,75.99,76.25,75.19
77.0271,88674487,76.9171,77.2143,76.4371
77.8557,70284361,77.3571,77.9643,77.0843
77.1114,74394902,78.0743,78.4285,76.98
76.78,55330425,77.145,77.3571,76.4457
76.6943,49703046,76.9028,76.9914,76.3214
76.6771,41787976,77.0328,77.2585,76.5614
77.3785,50069657,76.8228,77.41,76.6814
77.5071,44803807,77.4828,77.64,77.18
76.97,40472773,77.3414,77.5,76.8057
75.9743,68615246,77.1157,77.1428,75.7971
74.7814,72146992,75.4314,75.8428,74.5557
74.7771,60880929,75.0271,75.16,74.1
75.76,51357706,74.6628,75.7843,74.5743
74.7828,59701814,75.8114,76.0343,74.7385
74.23,67920698,74.1428,74.69,73.8771
74.5257,51252748,74.5571,74.5943,73.8871
73.9942,66461884,74.3243,74.52,73.0471
74.1443,52515794,74.0071,74.4414,73.4479
74.9914,70978621,74.2857,75.3943,74.1714
75.8814,45546494,75.0485,76.02,74.8514
75.957,50607747,75.4728,75.9751,75.2144
74.9643,93473618,75.58,75.8757,74.9214
81.11,189588407,81.1728,81.4285,80.1043
81.7057,97435199,80.6471,81.7128,80.5657
84.87,167001640,81.8285,85.1071,81.7928
84.6185,84049445,84.82,85.14,84.2157
84.2985,114029614,84.6628,85.6328,84.2571
84.4971,60958860,84.5714,84.9714,83.7657
84.6543,47673150,84.62,84.8857,84.2443
85.8514,71523851,84.3057,85.8571,84.2857
84.9157,93468228,85.9714,86.3442,84.9157
84.6185,70532231,85.0357,85.3271,83.9614
83.9985,57243511,84.0357,84.9157,83.7714
83.6489,72767192,83.5057,83.75,82.9043
84.69,53184042,83.9271,84.8085,83.9143
84.8228,39854512,84.5714,84.9343,84.3857
84.8385,41505203,84.6328,85.3428,84.5343
84.1171,57427744,84.9571,85.2285,84.0057
85.3585,68960136,84.09,85.3614,83.6285
86.37,78819884,85.4071,86.7614,85.3328
86.3871,58232373,86.3585,86.6285,85.8185
86.6157,49184983,86.2614,86.6714,86.0085
86.7528,50142667,86.6571,87.1214,86.3
87.7328,57918367,86.75,87.8184,86.6385
89.3757,86840486,87.9828,89.4085,87.9471
89.1443,78793704,89.4314,89.9757,89.1114
90.7685,93737728,89.6928,90.9814,89.6814
90.4285,140860202,91.14,92.0243,89.8428
89.8071,92179668,90.5657,90.69,88.9285
91.0771,73043412,89.78,91.2485,89.75
92.1171,83735285,91.0628,92.5557,90.8728
92.4785,75796583,92.3143,92.7671,91.8014
92.2243,87403076,92.8428,93.0371,92.0671
93.7,75295450,92.7,93.88,91.75
94.25,62563070,94.73,95.05,93.57
93.86,45528740,94.13,94.76,93.47
92.29,54628650,94.04,94.12,91.9
91.28,54406640,92.2,92.44,90.88
92.2,35371460,91.51,92.75,91.45
92.08,29684620,92.31,92.7,91.8
92.18,33314720,92.27,92.29,91.35
91.86,35476080,92.29,92.3,91.3389
90.91,100478600,91.85,92.55,90.9
90.83,43611710,91.32,91.62,90.6
90.28,38977670,90.75,91.74,90.19
90.36,36835900,90.21,90.7,89.65
90.9,32528680,90.37,91.05,89.8
91.98,61758200,90.82,92.0,90.77
92.93,49474230,92.1,93.725,92.09
93.52,38156280,93.52,94.07,93.13
93.48,28414310,93.865,94.06,93.09
94.03,22891750,93.67,94.1,93.2
95.968,54809030,94.14,95.99,94.1
95.35,65111960,96.27,96.8,93.92
95.39,36267350,95.44,95.95,94.76
95.035,39633800,93.76,95.55,93.52
95.22,33960300,95.36,95.89,94.8625
96.45,42643760,95.86,96.89,95.65
95.32,45187420,96.8,96.85,95.03
94.78,53323940,96.97,97.1,94.74
93.0899,57111160,95.03,95.279,92.57
94.43,49838110,93.62,94.74,93.02
93.939,38792960,94.99,95.0,93.72
94.72,54297530,94.68,94.89,94.12
97.19,90937230,95.42,97.88,95.17
97.03,45609040,97.035,97.32,96.42
97.671,43384590,96.85,97.84,96.64
99.02,54926940,97.82,99.24,97.55
98.38,42957960,99.33,99.44,98.25
98.15,32978480,98.44,98.7,97.67
95.6,56625420,97.16,97.45,95.33
96.13,48379730,94.9,96.62,94.81
95.59,39860740,96.37,96.58,95.17
95.12,55861030,95.36,95.68,94.36
94.96,38463700,94.75,95.48,94.71
94.48,46553350,94.93,95.95,94.1
94.74,41783300,94.26,94.82,93.28
95.99,36459430,95.27,96.08,94.8355
95.97,33485870,96.04,96.88,95.61
97.24,31866630,96.15,97.24,96.04
97.5,28056530,97.33,97.57,96.8
97.98,48938120,97.9,98.19,96.86
99.16,47285630,98.49,99.37,97.98
100.53,69189840,99.41,100.68,99.32
100.57,52565000,100.44,101.09,99.95
100.58,33377530,100.57,100.94,100.11
101.32,44028280,100.29,101.47,100.19
101.54,40087220,101.79,102.17,101.28
100.889,33079170,101.42,101.5,100.86
102.13,46807000,101.02,102.57,100.7
102.25,68368740,101.59,102.78,101.56
102.5,44516120,102.86,102.9,102.2
103.3,53227770,103.06,103.74,102.72
98.94,125000400,103.1,103.2,98.58
98.12,85537710,98.85,100.09,97.79
98.97,58280030,98.8,99.39,98.31
98.36,46176570,99.3,99.31,98.05
97.99,189419500,99.08,103.08,96.14
101.0,100352500,98.01,101.11,97.76
101.43,62077230,100.41,101.44,99.62
101.66,62826040,101.21,102.19,101.08
101.63,61169670,102.81,103.05,101.44
100.86,66754370,99.8,101.26,98.89
101.58,60783090,101.27,101.8,100.5922
101.79,36971170,101.93,102.35,101.56
100.96,70747430,102.29,102.35,100.88
101.06,52421660,101.8,102.14,100.58
102.64,63255860,100.6,102.94,100.54
101.75,59974260,102.16,102.85,101.2
97.87,99689300,100.51,100.71,97.72
100.75,62276770,98.53,100.75,98.4
100.11,49263260,98.65,100.435,98.63
100.75,55119980,100.81,101.54,100.53
99.18,51400260,100.59,100.69,98.7
99.9,47697150,99.27,100.22,98.04
99.62,43419580,99.44,100.21,99.04
99.62,36780620,99.95,100.65,99.42
98.75,42003200,99.43,100.12,98.73
100.8,57329820,98.76,101.11,98.31
101.02,77283330,101.54,102.38,100.61
100.73,66249770,100.69,102.03,100.3
99.81,53437060,101.33,101.78,99.81
98.75,63287170,100.39,100.52,98.57
97.54,99942790,97.97,99.15,95.18
96.26,72017830,95.55,97.72,95.41
97.67,67723910,97.5,99.0,96.81
99.76,75705040,98.315,99.96,98.22
102.47,93786680,103.02,103.02,101.27
102.99,68140010,102.84,104.11,102.6
104.83,70760150,104.08,105.051,103.63
105.22,46937880,105.18,105.49,104.53
105.11,34086120,104.85,105.48,104.7
106.74,47689070,105.4,106.74,105.35
107.34,52545580,106.65,107.37,106.36
106.98,40572000,106.959,107.35,105.9
108.0,44550790,108.01,108.04,107.21
109.4,52154490,108.22,110.3,108.01
108.6,41423660,109.36,109.49,107.72
108.86,37365530,109.1,109.3,108.125
108.7,34733740,108.6,108.79,107.8
109.01,33655280,108.75,109.32,108.55
108.83,27066060,109.02,109.33,108.67
109.7,27330410,108.7,109.75,108.4
111.25,46372630,109.38,111.43,109.37
112.82,59418180,111.8,113.45,111.6
114.18,43789060,113.15,114.19,113.05
113.99,46687710,114.27,117.28,113.3
115.47,44163250,113.94,115.69,113.89
114.67,41815550,115.44,115.74,113.8
116.31,43148650,114.91,116.86,114.85
116.47,56759320,117.51,117.57,116.03
118.625,46867340,116.85,118.77,116.62
117.6,68719930,119.07,119.75,117.45
119.0,40756950,117.94,119.1,117.83
118.93,24814400,119.27,119.4,118.05
115.07,83657780,118.81,119.25,111.27
114.63,59205320,113.5,115.75,112.75
115.93,42956200,115.75,116.35,115.11
115.49,42068020,115.77,117.2,115.29
115.0,38230970,115.99,116.08,114.64
112.4,57445030,114.1,114.648,111.62
114.12,60112240,110.19,114.3,109.35
111.95,44475360,114.41,114.85,111.54
111.62,41404690,112.26,113.8,111.34
109.73,55873820,110.46,111.87,109.58
108.225,67083260,110.7,111.6,106.35
106.745,60651790,106.37,110.16,106.26
109.41,53265930,107.12,109.84,106.82
112.65,58785590,111.87,112.65,110.66
111.78,86595830,112.26,113.24,111.66
112.94,45097060,112.16,113.49,111.97
112.54,25991030,113.23,113.33,112.46
112.01,14479610,112.58,112.71,112.01
113.99,33681200,112.1,114.52,112.01
113.91,27533430,113.79,114.77,113.7
112.52,29798660,113.64,113.92,112.11
110.38,41304780,112.82,113.13,110.21
109.33,53143770,111.39,111.44,107.35
106.25,64210880,108.29,108.65,105.41
106.26,65682250,106.54,107.43,104.63
107.75,39983350,107.2,108.2,106.695
111.89,59168760,109.23,112.15,108.7
112.01,53645730,112.67,113.25,110.21
109.25,49571170,112.6,112.63,108.8
110.22,66969980,111.43,112.8,108.91
109.8,48728190,109.04,110.49,108.5
106.82,59808470,110.0,110.06,106.66
105.99,78453330,107.03,107.58,105.2
108.72,49742320,107.84,108.9667,106.5
109.55,48482860,108.95,111.06,108.27
112.4,53717440,110.26,112.47,109.72
112.98,46420020,112.3,113.75,111.53
113.1,55457420,113.74,114.3626,112.8
109.14,92326640,112.42,112.48,109.03
115.31,146184300,117.625,118.12,115.31
118.9,84132130,116.32,119.19,115.56
117.16,83646800,118.4,120.0,116.85
118.63,62542440,118.05,119.17,116.08
118.65,51842080,118.5,119.09,117.61
119.56,69975180,118.5,120.51,118.309
119.94,42197110,120.02,120.23,119.25
118.93,43633660,120.02,120.25,118.45
119.72,37900780,118.55,119.84,118.43
122.02,61845390,120.17,122.15,120.16
124.88,73278020,122.77,124.92,122.5
126.46,74374630,126.06,127.48,125.57
127.08,53955650,127.28,127.28,125.65
127.83,63014110,127.49,128.88,126.92
128.715,44695980,127.625,128.78,127.45
128.45,37295460,128.48,129.03,128.33
129.495,48878410,128.62,129.5,128.05
133.0,73089250,130.02,133.0,129.66
132.17,69109410,132.94,133.6,131.17
128.79,74555120,131.56,131.6,128.15
130.415,91171830,128.785,130.87,126.61
128.46,61931350,130.0,130.57,128.24
129.09,48042680,129.25,130.28,128.3
129.36,37749900,128.96,129.52,128.09
128.54,31588480,129.1,129.56,128.32
126.41,56391280,128.58,128.75,125.76
126.6,72699680,128.4,129.37,126.26
127.14,88410240,127.96,129.57,125.06
124.51,68720360,126.41,127.22,123.8
122.24,68812690,124.75,124.77,122.11
124.45,48233270,122.31,124.9,121.63
123.59,51744670,124.4,125.3951,122.58
124.95,35816300,123.88,124.95,122.87
127.04,50891230,125.9,127.32,125.65
128.47,65118170,127.0,129.16,126.37
127.495,45674520,128.75,129.2451,127.4
125.9,68516180,128.25,128.4,125.16
127.21,37597600,127.12,127.85,126.52
126.69,32747200,127.23,128.04,126.56
123.38,51505600,126.54,126.82,123.38
124.24,47409610,122.76,124.88,122.6
123.25,39471720,124.57,124.7,122.91
126.37,46974980,124.05,126.4,124.0
124.43,42019420,126.09,126.49,124.355
124.25,40463140,124.82,125.12,123.1
125.32,32171410,125.03,125.56,124.19
127.35,36917490,124.47,127.51,124.33
126.01,34894810,127.64,128.1218,125.98
125.6,37272090,125.85,126.4,124.97
126.56,32244360,125.85,126.58,124.66
127.1,40125760,125.95,127.21,125.26
126.85,36248620,128.37,128.57,126.61
126.3,25418280,127.0,127.29,125.91
126.78,28922420,126.41,127.13,126.01
126.17,28020240,126.28,127.1,126.11
124.75,51481310,125.55,126.14,124.46
127.6,46975110,125.57,128.12,125.17
126.91,32341380,128.1,128.2,126.67
128.62,37575420,126.99,128.87,126.32
129.67,45596690,128.3,130.42,128.14
130.28,44209710,130.49,130.63,129.23
132.65,95084260,132.31,133.13,131.15
130.56,118693700,134.455,134.54,129.57
128.64,63063240,130.16,131.59,128.3
125.15,82924980,127.5,127.88,124.58
128.95,57349000,126.1,130.13,125.3
128.7,50905020,129.5,130.57,128.26
125.8,49127770,128.15,128.4498,125.78
125.01,72037370,126.56,126.75,123.36
125.26,42653920,124.77,126.08,124.02
127.62,55473820,126.68,127.62,126.11
126.32,41920740,127.39,127.56,125.625
125.865,48073450,125.6,126.88,124.82
126.01,34611600,126.15,127.19,125.87
128.95,45123920,127.41,128.95,127.16
128.77,38128470,129.07,129.49,128.21
130.19,50723240,128.38,130.72,128.36
130.07,44395440,130.69,130.88,129.64
130.06,36261170,130.0,130.98,129.34
131.39,39589780,130.07,131.63,129.83
132.54,45469340,131.6,132.97,131.4
129.62,70544670,132.6,132.91,129.12
132.045,45771120,130.34,132.26,130.05
131.78,30678840,131.86,131.95,131.1
130.28,50474170,131.23,131.45,129.9
130.535,32016020,131.2,131.39,130.05
129.96,33595980,129.86,130.655,129.32
130.12,30939810,130.66,130.94,129.9
129.36,38335980,129.58,130.58,128.91
128.65,35577760,129.5,129.69,128.36
127.8,52609900,128.9,129.21,126.83
127.42,56002840,126.7,128.08,125.62
128.88,39029190,127.92,129.34,127.85
128.59,35344520,129.18,130.18,128.475
127.17,36826260,128.185,128.33,127.11
126.92,43896960,126.1,127.24,125.71
127.6,31443650,127.03,127.85,126.37
127.3,32858900,127.72,127.88,126.74
127.88,35363990,127.23,128.31,127.22
126.6,54361530,127.71,127.82,126.4
127.61,33976180,127.49,128.06,127.08
127.03,30192140,127.48,127.61,126.8792
128.11,55077520,127.21,129.8,127.12
127.5,31872390,128.86,129.2,127.5
126.75,43986290,127.67,127.99,126.51
124.53,49043410,125.46,126.47,124.48
125.425,44326050,125.57,126.12,124.86
126.6,30206890,126.9,126.94,125.99
126.44,27171180,126.43,126.69,125.77
126.0,27972950,124.94,126.23,124.85
125.69,46737090,125.89,126.15,123.77
122.57,60609830,124.48,124.64,122.54
120.07,78291510,123.85,124.06,119.22
123.28,61292800,121.94,123.85,121.21
125.66,41365600,125.03,125.755,124.32
125.61,31695870,126.04,126.37,125.04
126.82,33559770,125.72,127.15,125.58
128.51,35987630,127.74,128.57,127.35
129.62,45970470,129.08,129.62,128.31
132.07,55204920,130.97,132.97,130.7
130.75,73006780,132.85,132.92,130.32
125.22,115288400,121.99,125.5,121.99
125.16,50832950,126.2,127.09,125.06
124.5,42090320,125.32,125.74,123.9
122.77,44371580,123.09,123.61,122.12
123.38,33570380,123.38,123.91,122.55
122.99,36912040,123.15,123.5,122.27
122.37,33400950,122.32,122.5699,121.71
121.3,42832890,122.6,122.6425,120.91
118.44,69639900,121.5,122.57,117.52
114.64,123601900,117.42,117.7,113.25
115.4,99202400,112.95,117.44,112.1
115.13,52828890,115.97,116.5,114.115
115.52,38610120,114.58,116.25,114.5
119.72,54851010,116.53,119.99,116.53
113.49,96820670,117.81,118.18,113.33
115.24,101593400,112.53,115.42,109.63
115.15,48407640,116.04,116.4,114.54
115.96,42876370,114.32,116.31,114.01
117.16,40827260,116.04,117.65,115.5
116.5,34525630,116.43,117.44,116.01
115.01,48079330,116.1,116.52,114.68
112.65,68176940,114.08,114.35,111.63
105.76,127246600,110.43,111.9,105.645
103.12,161882500,94.87,108.8,92.0
103.74,102731700,111.11,111.11,103.5
109.69,96531890,107.085,109.89,105.05
112.92,83825220,112.23,113.24,110.02
113.29,53075960,112.17,113.31,111.54
112.76,56111590,112.03,114.53,112.0
107.72,76562170,110.15,111.88,107.36
112.34,61681250,110.23,112.34,109.131
110.37,53142590,112.49,112.78,110.04
109.27,49904460,108.97,110.45,108.51
112.31,54507300,111.65,112.56,110.32
110.15,84757780,113.76,114.02,109.77
112.57,62800770,110.27,113.2825,109.9
114.21,49793750,111.79,114.21,111.76
115.31,58279570,116.58,116.89,114.86
116.28,43218350,115.93,116.53,114.42
116.41,37080720,116.25,116.54,115.44
113.92,63712340,115.66,116.49,113.715
113.45,73991000,112.21,114.3,111.87
115.21,46594220,113.67,115.37,113.66
113.4,50278030,113.38,114.18,112.5201
114.32,35678360,113.63,114.72,113.3
115.0,50061580,113.25,115.5,112.37
114.71,56005550,116.44,116.69,114.02
112.44,51861990,113.85,114.57,112.44
109.06,73230280,112.83,113.51,107.86
110.3,66300930,110.17,111.54,108.73
109.58,63849470,109.07,109.62,107.31
110.38,57774940,108.01,111.0136,107.55
110.78,52033100,109.88,111.3698,109.07
111.31,48702200,110.63,111.74,109.765
110.78,46717770,111.74,111.77,109.41
109.5,61747260,110.19,110.19,108.21
112.12,52720620,110.0,112.28,109.49
111.6,30386830,112.73,112.75,111.44
111.79,32970790,110.82,112.45,110.68
110.21,44434220,111.29,111.52,109.56
111.86,37622200,110.93,112.1,110.49
111.04,38794930,111.78,112.0,110.53
111.73,29723750,110.8,111.75,110.11
113.77,48929200,111.34,114.17,110.82
113.76,42276880,114.0,115.58,113.7
115.5,41430660,114.33,115.5,114.1
119.08,59251740,116.7,119.228,116.33
115.28,66139770,118.08,118.13,114.92
114.55,67673450,115.4,116.54,113.99
119.27,85436210,116.93,119.3,116.06
120.53,51106100,118.7,120.69,118.27
119.5,49305220,120.99,121.22,119.45
121.18,32152870,119.87,121.36,119.61
122.57,45479260,120.79,123.49,120.7
122.0,44829060,123.13,123.82,121.62
120.92,39483400,121.85,122.69,120.18
121.06,33009110,121.11,121.81,120.62
120.57,33829290,120.96,121.81,120.05
116.77,59029400,116.9,118.07,116.061
116.11,45179400,116.37,117.42,115.21
115.72,32461350,116.26,116.82,115.65
112.34,45555300,115.2,115.57,112.27
114.175,37979570,111.38,114.24,111.0
113.69,27584020,114.92,115.05,113.32
117.29,46559730,115.76,117.49,115.5
118.78,43233950,117.64,119.75,116.76
119.3,34135230,119.2,119.92,118.85
117.75,32445680,119.27,119.73,117.34
118.88,42747950,117.33,119.35,117.12
118.03,21341960,119.21,119.23,117.92
117.81,13046450,118.29,118.41,117.6
118.3,38063130,117.99,119.41,117.75
117.34,34806250,118.75,118.81,116.86
116.28,33316990,117.05,118.11,116.08
115.2,41511380,116.55,116.79,114.22
119.03,57717870,115.29,119.25,115.11
118.28,32063100,118.98,119.86,117.81
118.23,34275420,117.52,118.6,116.86
115.62,46301930,117.64,117.69,115.08
116.17,29158640,116.04,116.94,115.51
113.18,46810020,115.19,115.39,112.851
112.48,64678220,112.18,112.68,109.79
110.49,53168580,111.94,112.8,110.35
111.34,56157370,111.07,111.99,108.8
108.98,44654830,112.02,112.25,108.98
106.03,96197190,108.91,109.52,105.81
107.33,47507230,107.28,107.37,105.57
107.23,32728460,107.4,107.72,106.451
108.61,32618140,107.27,108.85,107.2
108.03,13596680,109.0,109.0,107.95
106.82,26639930,107.59,107.69,106.1807
108.74,30912260,106.96,109.43,106.86
107.32,25184090,108.58,108.7,107.18
105.26,40885480,107.01,107.03,104.82
105.35,67569090,102.61,105.368,102.0
102.71,55583140,105.75,105.85,102.41
100.7,68384270,100.56,102.37,99.87
96.45,80742460,98.68,100.13,96.43
96.96,70722000,98.55,99.11,96.76
98.53,49687870,98.97,99.06,97.34
99.96,49046150,100.55,100.69,98.8399
97.39,62285770,100.32,101.19,97.3
99.52,63000140,97.96,100.48,95.74
97.13,79356010,96.2,97.71,95.36
96.66,52960810,98.41,98.65,95.5
96.79,72274300,95.1,98.1897,93.42
96.3,52099200,97.06,97.88,94.94
101.42,65648660,98.63,101.46,98.37
99.44,51529980,101.52,101.53,99.21
99.99,71937310,99.93,100.88,98.07
93.42,133059000,96.04,96.6289,93.34
94.09,55622370,93.79,94.52,92.39
97.34,64332440,94.79,97.34,94.35
96.43,40814360,96.47,96.71,95.4
94.48,37190500,95.42,96.04,94.28
96.35,45870130,95.0,96.84,94.08
96.6,46418230,95.86,97.33,95.19
94.02,46315620,96.52,96.92,93.69
95.01,53920550,93.13,95.7,93.04
94.99,44282560,94.29,95.94,93.93
94.27,42288790,95.92,96.35,94.1
93.7,49979700,93.79,94.72,92.59
93.99,40323020,94.19,94.5,93.01
96.64,48032600,95.02,96.85,94.61
98.12,44811800,96.67,98.21,96.15
96.26,38866100,98.84,98.89,96.091
96.04,35290570,96.0,96.7599,95.8
96.88,34240470,96.31,96.9,95.92
94.69,31851180,96.4,96.5,94.55
96.1,36192150,93.98,96.38,93.32
96.76,27526040,96.05,96.76,95.25
96.91,28949760,97.2,98.0237,96.58
96.69,35131460,96.86,98.23,96.65
100.53,50303500,97.65,100.77,97.42
100.75,33136130,100.51,100.89,99.64
101.5,36884490,100.58,101.7099,100.45
103.01,46026600,102.37,103.75,101.37
101.87,35890740,102.39,102.83,100.96
101.03,31538710,100.78,101.76,100.4
101.12,27148530,101.31,101.58,100.27
101.17,33490630,101.41,102.24,100.15
102.26,27368840,102.24,102.28,101.5
102.52,25058280,101.91,102.91,101.78
104.58,40026250,103.96,105.18,103.85
105.97,38236730,104.61,106.31,104.59
105.8,34394830,105.52,106.47,104.96
105.92,43607120,106.34,106.5,105.19
105.91,35454230,105.93,107.65,105.1401
106.72,32345430,105.25,107.29,105.21
106.13,25686350,106.48,107.07,105.9
105.67,25568350,105.47,106.25,104.89
105.19,19354440,106.0,106.19,105.06
107.68,31154910,104.89,107.79,104.88
109.56,45547590,108.65,110.42,108.6
108.99,25763840,109.72,109.9,108.88
109.99,25820460,108.78,110.0,108.2
111.12,37322930,110.42,112.19,110.27
109.81,26560420,109.51,110.73,109.42
110.96,26178840,110.23,110.98,109.2
108.54,31735810,109.95,110.42,108.121
108.66,23553790,108.91,109.77,108.17
109.02,29357940,108.97,110.61,108.83
110.44,27150570,109.34,110.5,108.66
112.04,32771760,110.8,112.34,110.8
112.1,25364920,111.62,112.39,111.33
109.85,46873670,112.11,112.3,109.73
107.48,60784920,108.89,108.95,106.94
106.91,32340620,107.88,108.0,106.23
107.13,30576980,106.64,108.09,106.06
105.97,31416910,106.93,106.93,105.52
105.68,33655810,105.01,106.48,104.62
105.08,27997990,105.0,105.65,104.51
104.35,52979780,103.91,105.3,103.91
97.82,114436300,96.0,98.71,95.68
94.83,82107120,97.61,97.88,94.25
93.74,68388840,93.99,94.72,92.51
93.64,47844490,93.965,94.08,92.4
95.18,56770080,94.2,95.74,93.68
94.19,40984160,95.2,95.9,93.82
93.24,35850220,94.0,94.07,92.68
92.72,43665160,93.37,93.45,91.85
92.79,32895650,93.0,93.77,92.59
93.42,33653020,93.33,93.57,92.11
92.51,28641180,93.48,93.57,92.46
90.34,76183460,92.72,92.78,89.47
90.52,44223040,90.0,91.67,90.0
93.88,61192340,92.39,94.39,91.65
93.49,46858910,94.55,94.7,93.01
94.56,42009830,94.16,95.21,93.89
94.2,30417880,94.64,94.64,93.57
95.22,31834020,94.64,95.43,94.52
96.43,37977020,95.87,97.19,95.67
97.9,35074380,97.22,98.09,96.84
99.62,38258300,98.67,99.74,98.11
100.41,56293490,99.68,100.73,98.64
100.35,36299460,99.44,100.47,99.245
99.86,42268040,99.6,100.4,98.82
98.46,29139100,99.02,99.54,98.33
97.72,40170200,97.6,97.84,96.63
97.92,28487570,97.79,98.27,97.45
98.63,23265200,97.99,101.89,97.55
99.03,22378380,99.25,99.87,98.96
98.94,20839950,99.02,99.56,98.68
99.65,26575570,98.5,99.99,98.46
98.83,31672220,98.53,99.3457,98.48
97.34,37708360,98.69,99.12,97.1
97.46,31890740,97.32,98.475,96.75
97.14,29373050,97.82,98.41,97.03
97.55,31251870,96.45,97.75,96.07
95.33,60793260,96.62,96.65,95.3
95.1,34355970,96.0,96.57,95.03
95.91,35407050,94.94,96.35,94.676
95.55,29124140,96.25,96.89,95.35
96.1,32042290,95.94,96.29,95.25
93.4,75219710,92.91,94.655,92.65
92.04,45595680,93.0,93.05,91.5
93.59,40387960,92.9,93.66,92.14
94.4,36505420,93.97,94.55,93.63
95.6,35783320,94.44,95.77,94.3
95.89,25982080,95.49,96.465,95.33
94.99,27553750,95.39,95.4,94.46
95.53,30877540,94.6,95.66,94.37
95.94,24460850,95.7,96.5,95.62
96.68,28877500,96.49,96.89,96.05
96.98,23317990,96.75,97.65,96.73
97.42,24129530,97.17,97.7,97.12
96.87,25879680,97.41,97.67,96.84
98.79,38885980,97.39,98.99,97.32
98.78,30031410,98.92,99.3,98.5
99.83,36464530,98.7,100.13,98.6
99.87,23766360,99.56,100.0,99.34
99.96,26219110,100.0,100.46,99.735
99.43,32690080,99.83,101.0,99.13
98.66,28218240,99.26,99.3,98.31
97.34,40290580,98.25,98.84,96.92
96.67,53454620,96.82,97.97,96.42
102.95,92143920,104.265,104.35,102.75
104.34,38771840,102.83,104.45,102.82
104.21,27697970,104.19,104.55,103.68
106.05,38018910,104.41,106.15,104.41
104.48,33770220,106.05,106.07,104.0
105.79,30148360,104.81,105.84,104.77
105.87,26781730,105.58,106.0,105.28
107.48,39546610,106.27,107.65,106.18
108.37,28010430,107.52,108.37,107.16
108.81,26296260,108.23,108.94,108.01
108.0,23839880,108.71,108.9,107.76
107.93,27460070,108.52,108.93,107.85
108.18,18648700,107.78,108.44,107.78
109.48,25704330,108.14,109.54,108.08
109.38,33754680,109.63,110.23,109.21
109.22,25328680,109.1,109.37,108.34
109.08,21918340,109.23,109.6,109.02
109.36,25108890,108.77,109.69,108.36
108.51,25784420,108.86,109.1,107.85
108.85,21236850,108.59,109.32,108.53
108.03,23606240,108.565,108.75,107.68
107.57,25001730,107.39,107.88,106.68
106.94,27744300,107.41,107.95,106.31
106.82,24900130,106.62,107.44,106.29
106.0,24817940,105.8,106.5,105.5
106.1,31639010,105.66,106.5699,105.64
106.73,26675250,106.14,106.8,105.62
107.73,26393770,107.7,108.0,106.82
107.7,26645130,107.9,108.3,107.51
108.36,42250480,107.83,108.76,107.07
105.52,52955310,107.25,107.27,105.24
103.13,46461610,104.64,105.72,103.13
105.44,45114590,102.65,105.72,102.53
107.95,62080160,107.51,108.79,107.24
111.77,111186900,108.73,113.03,108.6
115.57,90398170,113.86,115.73,113.49
114.92,79763890,115.12,116.13,114.04
113.58,46937190,115.19,116.18,113.25
113.57,34494150,113.05,114.12,112.51
113.55,35951900,113.85,113.989,112.441
114.62,31048170,114.35,114.94,114.0
112.71,52411070,114.42,114.79,111.55
112.88,29800240,111.64,113.39,111.55
113.09,24587490,113.0,113.18,112.34
113.95,29608390,113.69,114.64,113.43
112.18,35850010,113.16,113.8,111.8
113.05,36340670,112.46,113.37,111.8
112.52,21634520,112.71,113.05,112.28
113.0,29707270,113.06,114.31,112.63
113.05,21400410,113.4,113.66,112.69
113.89,28508710,113.7,114.34,113.13
114.06,24336440,114.31,114.56,113.51
116.05,36087910,115.02,116.75,114.72
116.3,63963010,117.7,118.69,116.2
117.34,37512930,117.35,117.98,116.75
116.98,35041820,116.79,117.44,115.72
117.63,35626020,117.88,118.17,117.13
117.55,23583810,117.33,117.84,116.78
117.47,24308210,118.18,118.21,117.45
117.12,19977160,117.25,117.76,113.8
117.06,24100150,116.86,117.38,116.33
116.6,22527690,116.81,116.91,116.28
117.65,23492650,117.1,117.74,117.0
118.25,46820600,117.95,118.36,117.31
115.59,66028640,114.31,115.7,113.31
114.48,31396130,115.39,115.86,114.1
113.72,36792100,113.87,115.21,113.45
113.54,26378910,113.65,114.23,113.2
111.49,43403760,113.46,113.77,110.53
111.59,28174980,111.4,112.35,111.23
109.83,26538700,110.98,111.46,109.55
108.84,30790930,108.53,110.25,108.11
110.41,32361930,110.08,110.51,109.46
111.06,24129630,110.31,111.72,109.7
110.88,59118740,109.88,111.32,108.05
107.79,57097740,111.09,111.09,105.83
108.43,34117030,107.12,108.87,106.55
105.71,50901380,107.71,107.809,104.08
107.11,32230590,106.57,107.68,106.1593
109.99,58724080,106.7,110.23,106.6
109.95,27623150,109.81,110.35,108.83
110.06,28310840,109.72,110.54,109.66
111.73,29164190,110.12,111.99,110.01
111.8,25931710,111.95,112.42,111.4
111.23,27420550,111.36,111.51,110.33
111.79,11475920,111.13,111.87,110.95
111.57,27054320,111.43,112.465,111.39
111.46,28507780,110.78,112.03,110.07
110.52,36151450,111.6,112.2,110.27
109.49,37034520,110.365,110.94,109.03
109.9,26481320,109.17,110.09,108.85
109.11,34113880,110.0,110.03,108.25
109.95,26160560,109.5,110.36,109.19
111.03,29976030,109.26,111.19,109.16
112.12,27049830,110.86,112.43,110.6
113.95,34324350,112.31,114.7,112.31
113.3,26176690,113.29,115.0,112.49
115.19,43293350,113.84,115.92,113.75
115.19,33962370,115.04,116.2,114.98
115.82,46286150,115.38,116.73,115.23
115.97,44284660,116.47,116.5,115.645
116.64,27756760,115.8,117.38,115.75
116.95,21337310,116.74,117.5,116.68
117.06,23724430,116.8,117.4,116.78
116.29,26043820,116.35,116.51,115.64
116.52,14244050,115.59,116.52,115.59
117.26,18131970,116.52,117.8,116.49
116.76,20686510,117.52,118.0166,116.2
116.73,14979680,116.45,117.1095,116.4
115.82,30555900,116.65,117.2,115.43
116.15,28769220,115.8,116.33,114.76
116.02,21081620,115.85,116.51,115.75
116.61,22115100,115.92,116.8642,115.81
117.91,31714820,116.78,118.16,116.47
118.99,33420290,117.95,119.43,117.94
119.11,24432660,118.77,119.38,118.3
119.75,27453130,118.74,119.93,118.6
119.25,27057550,118.895,119.3,118.21
119.04,26083030,119.11,119.62,118.81
120.0,34412090,118.34,120.24,118.22
119.99,23687350,120.0,120.5,119.71
119.78,25554290,119.4,120.09,119.37
120.0,29922650,120.45,120.45,119.7346
120.08,21982000,120.0,120.81,119.77
119.97,23191150,119.55,120.1,119.5
121.88,32417410,120.42,122.1,120.28
121.94,26320740,121.67,122.44,121.6
121.95,20495340,122.14,122.35,121.6
121.63,30327110,120.93,121.63,120.66
121.35,47767760,121.15,121.39,120.62
128.75,111837300,127.03,130.49,127.01
128.53,33671250,127.975,129.39,127.78
129.08,24460160,128.31,129.19,128.16
130.29,26784530,129.13,130.5,128.9
131.53,38158410,130.54,132.09,130.45
132.04,22941650,131.35,132.22,131.22
132.42,28321440,131.65,132.445,131.12
132.12,20046250,132.46,132.94,132.05
133.29,22989980,133.08,133.82,132.75
135.02,33054500,133.47,135.09,133.25
135.51,35578640,135.52,136.27,134.62
135.345,22539860,135.67,135.9,134.8398
135.72,22163280,135.1,135.83,135.1
136.7,24487200,136.23,136.75,135.98
137.11,20769030,136.43,137.12,136.11
136.53,20762360,137.38,137.48,136.3
136.66,21754600,135.91,136.66,135.28
136.93,20222210,137.14,137.435,136.28
136.99,23446340,137.08,137.435,136.7
139.79,36362440,137.89,140.15,137.595
138.96,26170690,140.0,140.2786,138.76
139.78,21555370,138.78,139.83,138.59
139.34,21229890,139.365,139.77,138.5959
139.52,17439210,139.06,139.98,138.79
139.0,18695500,138.95,139.8,138.82
138.68,22117750,138.74,138.79,137.05
139.14,19578920,139.25,139.3571,138.64
139.2,17048800,138.85,139.43,138.82
138.99,15281850,139.3,139.65,138.84
140.46,25676720,139.41,140.7501,139.025
140.69,19173780,140.72,141.02,140.26
139.99,43700570,141.0,141.0,139.89
141.46,21258100,140.4,141.5,140.23
139.84,39461130,142.11,142.8,139.73
141.42,25804820,139.845,141.6,139.76
140.92,20299310,141.26,141.5844,140.61
140.64,22355140,141.5,141.74,140.35
140.88,23531670,139.39,141.22,138.62
143.8,33348400,140.91,144.04,140.62
144.12,29174040,143.68,144.49,143.19
143.93,21189000,144.19,144.5,143.5
143.66,19576480,143.72,144.27,143.01
143.7,19970040,143.71,144.12,143.05
144.77,19865300,143.25,144.89,143.17
144.02,27649500,144.22,145.46,143.81
143.66,21131040,144.29,144.52,143.45
143.34,16658660,143.73,144.18,143.27
143.17,18904680,143.6,143.8792,142.9
141.63,30341520,142.94,143.35,140.06
141.8,20320420,141.6,142.15,141.01
141.05,17775510,141.91,142.38,141.05
141.83,16529130,141.48,141.88,140.87
141.2,14676420,141.41,142.04,141.11
140.68,17302160,141.88,142.0,140.45
142.44,23294040,141.22,142.92,141.16
142.27,17290900,142.44,142.68,141.85
143.64,17117710,143.5,143.95,143.18
144.53,18325720,143.91,144.9,143.87
143.68,19998050,144.47,144.6,143.3762
143.79,14198660,143.923,144.16,143.31
143.65,20783460,144.09,144.3,143.27
146.58,33498270,145.1,147.2,144.96
147.51,44182930,147.54,148.09,146.84
147.06,45579740,145.59,147.49,144.27
146.53,23345970,146.52,147.14,145.81
148.96,27254850,146.76,148.98,146.76
153.01,48670440,149.03,153.7,149.03
153.99,38907940,153.87,154.88,153.45
153.26,25779060,153.63,153.94,152.11
153.95,27236290,152.45,154.07,152.31
156.1,32493770,154.7,156.42,154.67
155.7,25912270,156.01,156.65,155.05
155.47,19994270,155.94,156.06,154.72
150.25,50674280,153.6,154.57,149.71
152.54,33520150,151.27,153.34,151.13
153.06,26892850,153.38,153.98,152.63
153.99,22930630,154.0,154.58,152.91
153.8,19906170,154.9,154.9,153.31
153.34,19201820,153.84,154.17,152.67
153.87,19217810,153.73,154.35,153.03
153.61,21895020,154.0,154.24,153.31
153.67,20118620,153.42,154.43,153.33
152.76,24452750,153.97,154.17,152.38
153.18,16383610,153.17,153.33,152.22
155.45,27715140,153.58,155.45,152.89
153.93,25277680,154.34,154.45,153.46
154.45,26591850,153.9,155.81,153.78
155.37,21017560,155.02,155.98,154.48
154.99,21144040,155.25,155.54,154.4
148.98,64782910,155.19,155.19,146.02
145.42,72187710,145.74,146.09,142.51
146.59,34089190,147.16,147.45,145.15
145.16,31454590,147.5,147.5,143.84
144.29,31642900,143.32,144.4798,142.21
142.27,50264540,143.78,144.5,142.2
146.34,32203640,143.66,146.74,143.66
145.01,24877950,146.87,146.87,144.94
145.87,21247590,145.52,146.0693,144.61
145.63,19082170,145.77,146.7,145.1199
146.28,35421310,145.13,147.16,145.11
145.82,25674500,147.17,148.28,145.38
143.73,24725210,145.01,146.16,143.62
145.83,22052920,144.49,146.11,143.1601
143.68,31450520,144.71,145.13,142.28
144.02,22986960,144.45,144.96,143.78
143.5,14277850,144.88,145.3001,143.1
144.09,21550270,143.69,144.79,142.7237
142.73,24110330,143.02,143.5,142.41
144.18,18527000,142.9,144.75,142.9
145.06,21080580,144.11,145.95,143.37
145.53,18647220,144.73,145.85,144.38
145.74,24833800,145.87,146.18,144.82
147.77,25080500,145.5,148.49,145.44
149.04,20117070,147.97,149.33,147.33
149.56,23765710,148.82,150.9,148.57
150.08,17837130,149.2,150.13,148.67
151.02,20859830,150.48,151.42,149.95
150.34,17170490,151.5,151.74,150.19
150.27,25111310,149.99,150.44,148.88
152.09,21466370,150.58,152.44,149.9
152.74,18798250,151.8,153.84,151.8
153.46,15649120,153.35,153.93,153.06
150.56,32429770,153.75,153.99,147.3
149.5,17192770,149.89,150.23,149.19
148.73,19690420,149.9,150.33,148.13
150.05,33669020,149.1,150.22,148.41
157.14,69726440,159.28,159.75,156.16
155.57,26604140,157.05,157.21,155.02
156.39,20514810,156.07,157.4,155.69
158.81,21827400,157.06,158.92,156.6701
160.08,36127490,158.6,161.83,158.27
161.06,26060430,159.26,161.27,159.11
155.32,39636190,159.9,160.0,154.63
157.48,26208970,156.6,158.5728,156.07
159.85,22074760,159.32,160.21,158.75
161.6,29377630,160.66,162.195,160.14
160.95,27607370,161.94,162.51,160.15
157.86,27377960,160.52,160.71,157.84
157.5,27391950,157.86,159.5,156.72
157.21,26330070,157.5,157.89,155.1101
159.78,21564890,158.23,160.0,158.02
159.98,19376940,159.07,160.47,158.88
159.27,19782170,160.43,160.74,158.55
159.86,25184600,159.65,160.56,159.27
161.47,25649890,160.14,162.0,159.93
162.91,29451050,160.1,163.12,160.0
163.35,27215770,163.8,163.89,162.61
164.0,26729940,163.64,164.52,163.48
164.05,16564340,164.8,164.94,163.63
162.08,29491910,163.75,164.25,160.56
161.91,21610300,162.71,162.99,160.52
161.26,21905160,162.09,162.24,160.36
158.63,28411740,160.86,161.15,158.53
161.5,31506890,160.5,162.05,159.89
160.86,71574560,162.61,163.96,158.77
159.65,44866280,159.87,159.96,157.91
158.28,23637310,158.99,159.4,158.09
159.88,48846060,158.47,160.97,158.0
158.67,28157630,160.11,160.5,157.995
158.73,20565620,159.51,159.77,158.44
156.07,52126240,157.9,158.26,153.83
153.39,37350060,155.8,155.8,152.75
151.89,46575410,152.02,152.27,150.56
150.55,44366140,149.99,151.83,149.16
153.14,35907770,151.78,153.92,151.69
154.23,25402270,153.8,154.7189,153.54
153.28,21983410,153.89,154.28,152.7
154.12,26204670,153.21,154.13,152.0
153.81,18631540,154.26,154.45,152.72
154.48,16216800,154.01,155.09,153.91
153.48,20088940,153.63,153.86,152.46
155.39,21215870,154.18,155.44,154.05
155.3,17223790,154.97,155.49,154.56
155.84,16243080,155.81,156.73,155.485
155.9,15603520,156.055,158.0,155.1
156.55,16861450,155.97,156.98,155.75
156.0,16380570,156.35,157.37,155.7299
156.99,16367780,156.73,157.28,156.41
159.88,24093300,157.9,160.0,157.65
160.47,18969700,159.78,160.87,159.23
159.76,16252850,160.42,160.71,159.6
155.98,42357420,156.75,157.08,155.02
156.25,23907540,156.61,157.75,155.96
156.17,21888930,156.89,157.69,155.5
157.1,17633730,156.29,157.42,156.2
156.41,21175670,156.91,157.55,155.27
157.41,16916650,157.23,157.8295,156.78
163.05,44387770,159.29,163.6,158.7
166.72,44651420,163.89,168.07,163.72
169.04,35779520,167.9,169.6499,166.94
166.89,33482970,169.87,169.94,165.61
168.11,39668100,167.64,168.5,165.28
172.5,59332210,174.0,174.26,171.12
174.25,34770480,172.365,174.99,171.72
174.81,24332120,173.91,175.25,173.6
176.24,24358920,174.66,176.24,174.33
175.88,29422610,175.11,176.095,173.14
174.67,25129510,175.11,175.38,174.27
173.97,16956290,173.5,174.5,173.4
171.34,24683350,173.04,173.48,171.18
169.08,28998220,169.97,170.3197,168.38
171.1,23598650,171.18,171.87,170.3
170.15,21884010,171.04,171.39,169.64
169.98,16041550,170.29,170.56,169.56
173.14,25047130,170.78,173.7,170.78
174.96,25558680,173.36,175.0,173.05
174.97,14026670,175.1,175.5,174.6459
174.09,20591090,175.05,175.08,173.34
173.07,26387240,174.3,174.87,171.86
169.48,41459120,172.63,172.92,167.16
171.85,41484540,170.43,172.14,168.44
171.05,39735110,169.95,171.67,168.5
169.8,32512580,172.48,172.62,169.63
169.64,27315530,169.06,171.52,168.4
169.01,28397810,167.5,170.2047,166.46
169.32,25656110,169.03,170.44,168.91
169.37,23285760,170.49,171.0,168.82
172.67,34260890,169.2,172.89,168.79
171.7,19088170,172.15,172.39,171.461
172.27,23402510,172.5,173.54,172.0
172.22,20442740,172.4,173.13,171.65
173.97,40122100,173.63,174.17,172.46
176.42,29385650,174.88,177.2,174.86
174.54,27393660,175.03,175.39,174.09
174.35,23451420,174.87,175.42,173.25
175.01,20848660,174.17,176.02,174.1
175.01,16339690,174.68,175.424,174.5
170.57,33113340,170.8,171.47,169.679
170.6,21477380,170.1,170.78,169.71
171.08,16412270,171.0,171.85,170.48
169.23,25938760,170.52,170.59,169.22
172.26,25400540,170.16,172.3,169.26
172.23,29461040,172.53,174.55,171.96
173.03,22342650,172.54,173.47,172.08
175.0,23589930,173.44,175.37,173.05
174.35,20523870,174.35,175.61,173.93
174.33,21532200,174.55,175.06,173.41
174.29,23751690,173.16,174.3,173.0
175.28,18653380,174.59,175.4886,174.49
177.09,25302200,176.18,177.36,175.65
176.19,29512410,177.9,179.39,176.14
179.1,34260230,176.15,179.25,175.07
179.26,31087330,179.37,180.1,178.25
178.46,31306390,178.61,179.58,177.41
177.0,27052000,177.3,177.78,176.6016
177.04,32395870,177.3,179.44,176.82
174.22,51368540,177.25,177.3,173.2
171.11,41438280,174.505,174.95,170.53
171.51,39075250,172.0,172.0,170.06
167.96,50565420,170.16,170.16,167.07
166.97,45635470,165.525,167.37,164.7
167.43,32234520,166.87,168.4417,166.5
167.78,44453230,167.165,168.62,166.76
160.5,85957050,166.0,166.8,160.1
156.49,72215320,159.1,163.88,156.0
163.03,68171940,154.83,163.72,154.0
159.54,51467440,163.085,163.4,159.0685
155.15,54145930,160.29,161.0,155.03
156.41,70583530,157.07,157.89,150.24
162.71,60774900,158.5,163.89,157.51
164.34,32483310,161.95,164.75,161.65
167.37,40382890,163.045,167.54,162.88
172.99,50908540,169.79,173.09,169.0
172.43,40113790,172.36,174.82,171.77
171.85,33690660,172.05,174.26,171.42
171.07,37378070,172.83,174.12,171.01
172.5,30953760,171.8,173.95,171.71
175.5,33772050,173.67,175.65,173.54
178.97,37353670,176.35,179.39,176.21
178.39,38885510,179.1,180.48,178.16
